#
# There is insufficient memory for the Java Runtime Environment to continue.
# Native memory allocation (mmap) failed to map 287309824 bytes. Error detail: G1 virtual space
# Possible reasons:
#   The system is out of physical RAM or swap space
#   This process is running with CompressedOops enabled, and the Java Heap may be blocking the growth of the native heap
# Possible solutions:
#   Reduce memory load on the system
#   Increase physical memory or swap space
#   Check if swap backing store is full
#   Decrease Java heap size (-Xmx/-Xms)
#   Decrease number of Java threads
#   Decrease Java thread stack sizes (-Xss)
#   Set larger code cache with -XX:ReservedCodeCacheSize=
#   JVM is running with Unscaled Compressed Oops mode in which the Java heap is
#     placed in the first 4GB address space. The Java Heap base address is the
#     maximum limit for the native heap growth. Please use -XX:HeapBaseMinAddress
#     to set the Java Heap base and to place the Java Heap above 4GB virtual address.
# This output file may be truncated or incomplete.
#
#  Out of Memory Error (os_windows.cpp:3616), pid=12636, tid=7088
#
# JRE version: OpenJDK Runtime Environment Temurin-21.0.4+7 (21.0.4+7) (build 21.0.4+7-LTS)
# Java VM: OpenJDK 64-Bit Server VM Temurin-21.0.4+7 (21.0.4+7-LTS, mixed mode, tiered, compressed oops, compressed class ptrs, g1 gc, windows-amd64)
# No core dump will be written. Minidumps are not enabled by default on client versions of Windows
#

---------------  S U M M A R Y ------------

Command Line: -Xms64m -Xmx2048m -Dapp.name=ltex-ls-plus -Dapp.repo=c:\Users\Lenovo LOQ\.vscode\extensions\ltex-plus.vscode-ltex-plus-15.4.0\lib\ltex-ls-plus-18.4.0\lib -Dapp.home=c:\Users\Lenovo LOQ\.vscode\extensions\ltex-plus.vscode-ltex-plus-15.4.0\lib\ltex-ls-plus-18.4.0 -Dbasedir=c:\Users\Lenovo LOQ\.vscode\extensions\ltex-plus.vscode-ltex-plus-15.4.0\lib\ltex-ls-plus-18.4.0 org.bsplines.ltexls.LtexLanguageServerLauncher

Host: 12th Gen Intel(R) Core(TM) i5-12450HX, 12 cores, 15G,  Windows 11 , 64 bit Build 26100 (10.0.26100.5670)
Time: Sat Jul  5 01:18:20 2025 Türkiye Standart Saati elapsed time: 10.955629 seconds (0d 0h 0m 10s)

---------------  T H R E A D  ---------------

Current thread (0x000002b5c4afbfd0):  VMThread "VM Thread"          [id=7088, stack(0x000000d6b0400000,0x000000d6b0500000) (1024K)]

Stack: [0x000000d6b0400000,0x000000d6b0500000]
Native frames: (J=compiled Java code, j=interpreted, Vv=VM code, C=native code)
V  [jvm.dll+0x6cbcf9]
V  [jvm.dll+0x8a5551]
V  [jvm.dll+0x8a7a7e]
V  [jvm.dll+0x8a8153]
V  [jvm.dll+0x27eca6]
V  [jvm.dll+0x6c8445]
V  [jvm.dll+0x6bd13a]
V  [jvm.dll+0x354a0a]
V  [jvm.dll+0x35c5b6]
V  [jvm.dll+0x3adf3e]
V  [jvm.dll+0x3ae1e8]
V  [jvm.dll+0x328bcc]
V  [jvm.dll+0x328c57]
V  [jvm.dll+0x36c9cc]
V  [jvm.dll+0x36b218]
V  [jvm.dll+0x328391]
V  [jvm.dll+0x36a88a]
V  [jvm.dll+0x8ade6f]
V  [jvm.dll+0x8af1f4]
V  [jvm.dll+0x8af730]
V  [jvm.dll+0x8af9d3]
V  [jvm.dll+0x84f17b]
V  [jvm.dll+0x6ca3fd]
C  [ucrtbase.dll+0x37b0]
C  [KERNEL32.DLL+0x2e8d7]
C  [ntdll.dll+0x128dc]

VM_Operation (0x000000d6afdfe460): G1CollectForAllocation, mode: safepoint, requested by thread 0x000002b5ab948f20


---------------  P R O C E S S  ---------------

Threads class SMR info:
_java_thread_list=0x000002b5c9f1a770, length=13, elements={
0x000002b5ab948f20, 0x000002b5c4b6b730, 0x000002b5c4b6ceb0, 0x000002b5c4b78df0,
0x000002b5c4b79850, 0x000002b5c4b6f0e0, 0x000002b5c4b4ef60, 0x000002b5c4b59f70,
0x000002b5c4b9c790, 0x000002b5c4d55840, 0x000002b5c4d65c60, 0x000002b5c9d43630,
0x000002b5c9d443d0
}

Java Threads: ( => current thread )
  0x000002b5ab948f20 JavaThread "main"                              [_thread_blocked, id=33564, stack(0x000000d6afd00000,0x000000d6afe00000) (1024K)]
  0x000002b5c4b6b730 JavaThread "Reference Handler"          daemon [_thread_blocked, id=32160, stack(0x000000d6b0500000,0x000000d6b0600000) (1024K)]
  0x000002b5c4b6ceb0 JavaThread "Finalizer"                  daemon [_thread_blocked, id=26272, stack(0x000000d6b0600000,0x000000d6b0700000) (1024K)]
  0x000002b5c4b78df0 JavaThread "Signal Dispatcher"          daemon [_thread_blocked, id=30752, stack(0x000000d6b0700000,0x000000d6b0800000) (1024K)]
  0x000002b5c4b79850 JavaThread "Attach Listener"            daemon [_thread_blocked, id=30772, stack(0x000000d6b0800000,0x000000d6b0900000) (1024K)]
  0x000002b5c4b6f0e0 JavaThread "Service Thread"             daemon [_thread_blocked, id=32756, stack(0x000000d6b0900000,0x000000d6b0a00000) (1024K)]
  0x000002b5c4b4ef60 JavaThread "Monitor Deflation Thread"   daemon [_thread_blocked, id=31932, stack(0x000000d6b0a00000,0x000000d6b0b00000) (1024K)]
  0x000002b5c4b59f70 JavaThread "C2 CompilerThread0"         daemon [_thread_blocked, id=16548, stack(0x000000d6b0b00000,0x000000d6b0c00000) (1024K)]
  0x000002b5c4b9c790 JavaThread "C1 CompilerThread0"         daemon [_thread_blocked, id=28168, stack(0x000000d6b0c00000,0x000000d6b0d00000) (1024K)]
  0x000002b5c4d55840 JavaThread "Notification Thread"        daemon [_thread_blocked, id=26828, stack(0x000000d6b0d00000,0x000000d6b0e00000) (1024K)]
  0x000002b5c4d65c60 JavaThread "Common-Cleaner"             daemon [_thread_blocked, id=13732, stack(0x000000d6b0e00000,0x000000d6b0f00000) (1024K)]
  0x000002b5c9d43630 JavaThread "C2 CompilerThread1"         daemon [_thread_blocked, id=29768, stack(0x000000d6b0f00000,0x000000d6b1000000) (1024K)]
  0x000002b5c9d443d0 JavaThread "C2 CompilerThread2"         daemon [_thread_blocked, id=20224, stack(0x000000d6b1500000,0x000000d6b1600000) (1024K)]
Total: 13

Other Threads:
=>0x000002b5c4afbfd0 VMThread "VM Thread"                           [id=7088, stack(0x000000d6b0400000,0x000000d6b0500000) (1024K)]
  0x000002b5c4a5c9e0 WatcherThread "VM Periodic Task Thread"        [id=23612, stack(0x000000d6b0300000,0x000000d6b0400000) (1024K)]
  0x000002b5ab9a09c0 WorkerThread "GC Thread#0"                     [id=26336, stack(0x000000d6afe00000,0x000000d6aff00000) (1024K)]
  0x000002b5c9c33650 WorkerThread "GC Thread#1"                     [id=29332, stack(0x000000d6b1000000,0x000000d6b1100000) (1024K)]
  0x000002b5c9c374d0 WorkerThread "GC Thread#2"                     [id=4604, stack(0x000000d6b1100000,0x000000d6b1200000) (1024K)]
  0x000002b5c9c37870 WorkerThread "GC Thread#3"                     [id=28608, stack(0x000000d6b1200000,0x000000d6b1300000) (1024K)]
  0x000002b5c9c52990 WorkerThread "GC Thread#4"                     [id=32808, stack(0x000000d6b1300000,0x000000d6b1400000) (1024K)]
  0x000002b5c9c53140 WorkerThread "GC Thread#5"                     [id=33712, stack(0x000000d6b1400000,0x000000d6b1500000) (1024K)]
  0x000002b5ca431440 WorkerThread "GC Thread#6"                     [id=24540, stack(0x000000d6b1600000,0x000000d6b1700000) (1024K)]
  0x000002b5ca4d3f80 WorkerThread "GC Thread#7"                     [id=11956, stack(0x000000d6b1700000,0x000000d6b1800000) (1024K)]
  0x000002b5ca2458d0 WorkerThread "GC Thread#8"                     [id=28188, stack(0x000000d6b1800000,0x000000d6b1900000) (1024K)]
  0x000002b5ca245c70 WorkerThread "GC Thread#9"                     [id=9632, stack(0x000000d6b1900000,0x000000d6b1a00000) (1024K)]
  0x000002b5ab9b3fd0 ConcurrentGCThread "G1 Main Marker"            [id=20676, stack(0x000000d6aff00000,0x000000d6b0000000) (1024K)]
  0x000002b5ab9b4ad0 WorkerThread "G1 Conc#0"                       [id=25732, stack(0x000000d6b0000000,0x000000d6b0100000) (1024K)]
  0x000002b5ca414660 WorkerThread "G1 Conc#1"                       [id=26288, stack(0x000000d6b1a00000,0x000000d6b1b00000) (1024K)]
  0x000002b5ca415880 WorkerThread "G1 Conc#2"                       [id=10560, stack(0x000000d6b1b00000,0x000000d6b1c00000) (1024K)]
  0x000002b5ab9fe7d0 ConcurrentGCThread "G1 Refine#0"               [id=1448, stack(0x000000d6b0100000,0x000000d6b0200000) (1024K)]
  0x000002b5c492e900 ConcurrentGCThread "G1 Service"                [id=22184, stack(0x000000d6b0200000,0x000000d6b0300000) (1024K)]
Total: 18

Threads with active compile tasks:
C2 CompilerThread0    10980 3625       4       org.languagetool.rules.spelling.SpellingCheckRule::addIgnoreWords (171 bytes)
C2 CompilerThread1    10980 3632 %s    4       org.languagetool.rules.spelling.SpellingCheckRule::init @ 150 (314 bytes)
C2 CompilerThread2    10980 3193       4       org.languagetool.rules.patterns.PatternToken::<init> (16 bytes)
Total: 3

VM state: at safepoint (normal execution)

VM Mutex/Monitor currently owned by a thread:  ([mutex/lock_event])
[0x00007ffdf5c67308] Threads_lock - owner thread: 0x000002b5c4afbfd0
[0x00007ffdf5c67408] Heap_lock - owner thread: 0x000002b5ab948f20

Heap address: 0x0000000080000000, size: 2048 MB, Compressed Oops mode: 32-bit

CDS archive(s) not mapped
Compressed class space mapped at: 0x0000000100000000-0x0000000140000000, reserved size: 1073741824
Narrow klass base: 0x0000000000000000, Narrow klass shift: 3, Narrow klass range: 0x140000000

GC Precious Log:
 CardTable entry size: 512
 Card Set container configuration: InlinePtr #cards 5 size 8 Array Of Cards #cards 12 size 40 Howl #buckets 4 coarsen threshold 1843 Howl Bitmap #cards 512 size 80 coarsen threshold 460 Card regions per heap region 1 cards per card region 2048
 CPUs: 12 total, 12 available
 Memory: 16091M
 Large Page Support: Disabled
 NUMA Support: Disabled
 Compressed Oops: Enabled (32-bit)
 Heap Region Size: 1M
 Heap Min Capacity: 64M
 Heap Initial Capacity: 64M
 Heap Max Capacity: 2G
 Pre-touch: Disabled
 Parallel Workers: 10
 Concurrent Workers: 3
 Concurrent Refinement Workers: 10
 Periodic GC: Disabled

Heap:
 garbage-first heap   total 280576K, used 173360K [0x0000000080000000, 0x0000000100000000)
  region size 1024K, 12 young (12288K), 12 survivors (12288K)
 Metaspace       used 25168K, committed 25280K, reserved 1114112K
  class space    used 2493K, committed 2560K, reserved 1048576K

Heap Regions: E=young(eden), S=young(survivor), O=old, HS=humongous(starts), HC=humongous(continues), CS=collection set, F=free, TAMS=top-at-mark-start, PB=parsable bottom
|   0|0x0000000080000000, 0x0000000080100000, 0x0000000080100000|100%| O|  |TAMS 0x0000000080000000| PB 0x0000000080000000| Untracked 
|   1|0x0000000080100000, 0x0000000080200000, 0x0000000080200000|100%| O|  |TAMS 0x0000000080100000| PB 0x0000000080100000| Untracked 
|   2|0x0000000080200000, 0x0000000080300000, 0x0000000080300000|100%| O|  |TAMS 0x0000000080200000| PB 0x0000000080200000| Untracked 
|   3|0x0000000080300000, 0x0000000080400000, 0x0000000080400000|100%| O|  |TAMS 0x0000000080300000| PB 0x0000000080300000| Untracked 
|   4|0x0000000080400000, 0x0000000080500000, 0x0000000080500000|100%| O|  |TAMS 0x0000000080400000| PB 0x0000000080400000| Untracked 
|   5|0x0000000080500000, 0x0000000080600000, 0x0000000080600000|100%| O|  |TAMS 0x0000000080500000| PB 0x0000000080500000| Untracked 
|   6|0x0000000080600000, 0x0000000080700000, 0x0000000080700000|100%| O|  |TAMS 0x0000000080600000| PB 0x0000000080600000| Untracked 
|   7|0x0000000080700000, 0x0000000080800000, 0x0000000080800000|100%| O|  |TAMS 0x0000000080700000| PB 0x0000000080700000| Untracked 
|   8|0x0000000080800000, 0x0000000080900000, 0x0000000080900000|100%| O|  |TAMS 0x0000000080800000| PB 0x0000000080800000| Untracked 
|   9|0x0000000080900000, 0x0000000080a00000, 0x0000000080a00000|100%| O|  |TAMS 0x0000000080900000| PB 0x0000000080900000| Untracked 
|  10|0x0000000080a00000, 0x0000000080b00000, 0x0000000080b00000|100%| O|  |TAMS 0x0000000080a00000| PB 0x0000000080a00000| Untracked 
|  11|0x0000000080b00000, 0x0000000080c00000, 0x0000000080c00000|100%| O|  |TAMS 0x0000000080b00000| PB 0x0000000080b00000| Untracked 
|  12|0x0000000080c00000, 0x0000000080d00000, 0x0000000080d00000|100%| O|  |TAMS 0x0000000080c00000| PB 0x0000000080c00000| Untracked 
|  13|0x0000000080d00000, 0x0000000080e00000, 0x0000000080e00000|100%| O|  |TAMS 0x0000000080d00000| PB 0x0000000080d00000| Untracked 
|  14|0x0000000080e00000, 0x0000000080f00000, 0x0000000080f00000|100%| O|  |TAMS 0x0000000080e00000| PB 0x0000000080e00000| Untracked 
|  15|0x0000000080f00000, 0x0000000081000000, 0x0000000081000000|100%| O|  |TAMS 0x0000000080f00000| PB 0x0000000080f00000| Untracked 
|  16|0x0000000081000000, 0x0000000081100000, 0x0000000081100000|100%| O|  |TAMS 0x0000000081000000| PB 0x0000000081000000| Untracked 
|  17|0x0000000081100000, 0x0000000081200000, 0x0000000081200000|100%| O|  |TAMS 0x0000000081100000| PB 0x0000000081100000| Untracked 
|  18|0x0000000081200000, 0x0000000081300000, 0x0000000081300000|100%| O|  |TAMS 0x0000000081200000| PB 0x0000000081200000| Untracked 
|  19|0x0000000081300000, 0x0000000081400000, 0x0000000081400000|100%| O|  |TAMS 0x0000000081300000| PB 0x0000000081300000| Untracked 
|  20|0x0000000081400000, 0x0000000081500000, 0x0000000081500000|100%| O|  |TAMS 0x0000000081400000| PB 0x0000000081400000| Untracked 
|  21|0x0000000081500000, 0x0000000081600000, 0x0000000081600000|100%| O|  |TAMS 0x0000000081500000| PB 0x0000000081500000| Untracked 
|  22|0x0000000081600000, 0x0000000081700000, 0x0000000081700000|100%| O|  |TAMS 0x0000000081600000| PB 0x0000000081600000| Untracked 
|  23|0x0000000081700000, 0x0000000081800000, 0x0000000081800000|100%| O|  |TAMS 0x0000000081700000| PB 0x0000000081700000| Untracked 
|  24|0x0000000081800000, 0x0000000081900000, 0x0000000081900000|100%|HS|  |TAMS 0x0000000081800000| PB 0x0000000081800000| Complete 
|  25|0x0000000081900000, 0x0000000081a00000, 0x0000000081a00000|100%| O|  |TAMS 0x0000000081900000| PB 0x0000000081900000| Untracked 
|  26|0x0000000081a00000, 0x0000000081b00000, 0x0000000081b00000|100%| O|  |TAMS 0x0000000081a00000| PB 0x0000000081a00000| Untracked 
|  27|0x0000000081b00000, 0x0000000081c00000, 0x0000000081c00000|100%| O|  |TAMS 0x0000000081b00000| PB 0x0000000081b00000| Untracked 
|  28|0x0000000081c00000, 0x0000000081d00000, 0x0000000081d00000|100%| O|  |TAMS 0x0000000081c00000| PB 0x0000000081c00000| Untracked 
|  29|0x0000000081d00000, 0x0000000081e00000, 0x0000000081e00000|100%| O|  |TAMS 0x0000000081d00000| PB 0x0000000081d00000| Untracked 
|  30|0x0000000081e00000, 0x0000000081f00000, 0x0000000081f00000|100%| O|  |TAMS 0x0000000081e00000| PB 0x0000000081e00000| Untracked 
|  31|0x0000000081f00000, 0x0000000082000000, 0x0000000082000000|100%| O|  |TAMS 0x0000000081f00000| PB 0x0000000081f00000| Untracked 
|  32|0x0000000082000000, 0x0000000082100000, 0x0000000082100000|100%| O|  |TAMS 0x0000000082000000| PB 0x0000000082000000| Untracked 
|  33|0x0000000082100000, 0x0000000082200000, 0x0000000082200000|100%| O|  |TAMS 0x0000000082100000| PB 0x0000000082100000| Untracked 
|  34|0x0000000082200000, 0x0000000082300000, 0x0000000082300000|100%| O|  |TAMS 0x0000000082200000| PB 0x0000000082200000| Untracked 
|  35|0x0000000082300000, 0x0000000082400000, 0x0000000082400000|100%| O|  |TAMS 0x0000000082300000| PB 0x0000000082300000| Untracked 
|  36|0x0000000082400000, 0x0000000082500000, 0x0000000082500000|100%| O|  |TAMS 0x0000000082400000| PB 0x0000000082400000| Untracked 
|  37|0x0000000082500000, 0x0000000082600000, 0x0000000082600000|100%| O|  |TAMS 0x0000000082500000| PB 0x0000000082500000| Untracked 
|  38|0x0000000082600000, 0x0000000082700000, 0x0000000082700000|100%| O|  |TAMS 0x0000000082600000| PB 0x0000000082600000| Untracked 
|  39|0x0000000082700000, 0x0000000082800000, 0x0000000082800000|100%| O|  |TAMS 0x0000000082700000| PB 0x0000000082700000| Untracked 
|  40|0x0000000082800000, 0x0000000082900000, 0x0000000082900000|100%| O|  |TAMS 0x0000000082800000| PB 0x0000000082800000| Untracked 
|  41|0x0000000082900000, 0x0000000082a00000, 0x0000000082a00000|100%| O|  |TAMS 0x0000000082900000| PB 0x0000000082900000| Untracked 
|  42|0x0000000082a00000, 0x0000000082b00000, 0x0000000082b00000|100%| O|  |TAMS 0x0000000082a00000| PB 0x0000000082a00000| Untracked 
|  43|0x0000000082b00000, 0x0000000082c00000, 0x0000000082c00000|100%| O|  |TAMS 0x0000000082b00000| PB 0x0000000082b00000| Untracked 
|  44|0x0000000082c00000, 0x0000000082d00000, 0x0000000082d00000|100%| O|  |TAMS 0x0000000082c00000| PB 0x0000000082c00000| Untracked 
|  45|0x0000000082d00000, 0x0000000082e00000, 0x0000000082e00000|100%| O|  |TAMS 0x0000000082d00000| PB 0x0000000082d00000| Untracked 
|  46|0x0000000082e00000, 0x0000000082f00000, 0x0000000082f00000|100%| O|  |TAMS 0x0000000082e00000| PB 0x0000000082e00000| Untracked 
|  47|0x0000000082f00000, 0x0000000083000000, 0x0000000083000000|100%| O|  |TAMS 0x0000000082f00000| PB 0x0000000082f00000| Untracked 
|  48|0x0000000083000000, 0x0000000083100000, 0x0000000083100000|100%|HS|  |TAMS 0x0000000083000000| PB 0x0000000083000000| Complete 
|  49|0x0000000083100000, 0x0000000083200000, 0x0000000083200000|100%| O|  |TAMS 0x0000000083100000| PB 0x0000000083100000| Untracked 
|  50|0x0000000083200000, 0x0000000083300000, 0x0000000083300000|100%| O|  |TAMS 0x0000000083200000| PB 0x0000000083200000| Untracked 
|  51|0x0000000083300000, 0x0000000083400000, 0x0000000083400000|100%| O|  |TAMS 0x0000000083300000| PB 0x0000000083300000| Untracked 
|  52|0x0000000083400000, 0x0000000083500000, 0x0000000083500000|100%| O|  |TAMS 0x0000000083400000| PB 0x0000000083400000| Untracked 
|  53|0x0000000083500000, 0x0000000083600000, 0x0000000083600000|100%| O|  |TAMS 0x0000000083500000| PB 0x0000000083500000| Untracked 
|  54|0x0000000083600000, 0x0000000083700000, 0x0000000083700000|100%| O|  |TAMS 0x0000000083600000| PB 0x0000000083600000| Untracked 
|  55|0x0000000083700000, 0x0000000083800000, 0x0000000083800000|100%| O|  |TAMS 0x0000000083700000| PB 0x0000000083700000| Untracked 
|  56|0x0000000083800000, 0x0000000083900000, 0x0000000083900000|100%| O|  |TAMS 0x0000000083800000| PB 0x0000000083800000| Untracked 
|  57|0x0000000083900000, 0x0000000083a00000, 0x0000000083a00000|100%| O|  |TAMS 0x0000000083900000| PB 0x0000000083900000| Untracked 
|  58|0x0000000083a00000, 0x0000000083b00000, 0x0000000083b00000|100%| O|  |TAMS 0x0000000083a00000| PB 0x0000000083a00000| Untracked 
|  59|0x0000000083b00000, 0x0000000083c00000, 0x0000000083c00000|100%| O|  |TAMS 0x0000000083b00000| PB 0x0000000083b00000| Untracked 
|  60|0x0000000083c00000, 0x0000000083d00000, 0x0000000083d00000|100%| O|  |TAMS 0x0000000083c00000| PB 0x0000000083c00000| Untracked 
|  61|0x0000000083d00000, 0x0000000083e00000, 0x0000000083e00000|100%| O|  |TAMS 0x0000000083d00000| PB 0x0000000083d00000| Untracked 
|  62|0x0000000083e00000, 0x0000000083f00000, 0x0000000083f00000|100%| O|  |TAMS 0x0000000083e00000| PB 0x0000000083e00000| Untracked 
|  63|0x0000000083f00000, 0x0000000084000000, 0x0000000084000000|100%| O|  |TAMS 0x0000000083f00000| PB 0x0000000083f00000| Untracked 
|  64|0x0000000084000000, 0x0000000084100000, 0x0000000084100000|100%| O|  |TAMS 0x0000000084000000| PB 0x0000000084000000| Untracked 
|  65|0x0000000084100000, 0x0000000084200000, 0x0000000084200000|100%| O|  |TAMS 0x0000000084100000| PB 0x0000000084100000| Untracked 
|  66|0x0000000084200000, 0x0000000084300000, 0x0000000084300000|100%| O|  |TAMS 0x0000000084200000| PB 0x0000000084200000| Untracked 
|  67|0x0000000084300000, 0x0000000084400000, 0x0000000084400000|100%| O|  |TAMS 0x0000000084300000| PB 0x0000000084300000| Untracked 
|  68|0x0000000084400000, 0x0000000084500000, 0x0000000084500000|100%| O|  |TAMS 0x0000000084400000| PB 0x0000000084400000| Untracked 
|  69|0x0000000084500000, 0x0000000084600000, 0x0000000084600000|100%| O|  |TAMS 0x0000000084500000| PB 0x0000000084500000| Untracked 
|  70|0x0000000084600000, 0x0000000084700000, 0x0000000084700000|100%| O|  |TAMS 0x0000000084600000| PB 0x0000000084600000| Untracked 
|  71|0x0000000084700000, 0x0000000084700000, 0x0000000084800000|  0%| F|  |TAMS 0x0000000084700000| PB 0x0000000084700000| Untracked 
|  72|0x0000000084800000, 0x0000000084900000, 0x0000000084900000|100%| O|  |TAMS 0x0000000084800000| PB 0x0000000084800000| Untracked 
|  73|0x0000000084900000, 0x0000000084a00000, 0x0000000084a00000|100%|HS|  |TAMS 0x0000000084900000| PB 0x0000000084900000| Complete 
|  74|0x0000000084a00000, 0x0000000084b00000, 0x0000000084b00000|100%|HC|  |TAMS 0x0000000084a00000| PB 0x0000000084a00000| Complete 
|  75|0x0000000084b00000, 0x0000000084c00000, 0x0000000084c00000|100%|HC|  |TAMS 0x0000000084b00000| PB 0x0000000084b00000| Complete 
|  76|0x0000000084c00000, 0x0000000084d00000, 0x0000000084d00000|100%| O|  |TAMS 0x0000000084c00000| PB 0x0000000084c00000| Untracked 
|  77|0x0000000084d00000, 0x0000000084e00000, 0x0000000084e00000|100%| O|  |TAMS 0x0000000084d00000| PB 0x0000000084d00000| Untracked 
|  78|0x0000000084e00000, 0x0000000084f00000, 0x0000000084f00000|100%| O|  |TAMS 0x0000000084e00000| PB 0x0000000084e00000| Untracked 
|  79|0x0000000084f00000, 0x0000000085000000, 0x0000000085000000|100%| O|  |TAMS 0x0000000084f00000| PB 0x0000000084f00000| Untracked 
|  80|0x0000000085000000, 0x0000000085100000, 0x0000000085100000|100%| O|  |TAMS 0x0000000085000000| PB 0x0000000085000000| Untracked 
|  81|0x0000000085100000, 0x0000000085200000, 0x0000000085200000|100%| O|  |TAMS 0x0000000085100000| PB 0x0000000085100000| Untracked 
|  82|0x0000000085200000, 0x0000000085300000, 0x0000000085300000|100%| O|  |TAMS 0x0000000085200000| PB 0x0000000085200000| Untracked 
|  83|0x0000000085300000, 0x0000000085400000, 0x0000000085400000|100%| O|  |TAMS 0x0000000085300000| PB 0x0000000085300000| Untracked 
|  84|0x0000000085400000, 0x0000000085500000, 0x0000000085500000|100%| O|  |TAMS 0x0000000085400000| PB 0x0000000085400000| Untracked 
|  85|0x0000000085500000, 0x0000000085600000, 0x0000000085600000|100%| O|  |TAMS 0x0000000085500000| PB 0x0000000085500000| Untracked 
|  86|0x0000000085600000, 0x0000000085700000, 0x0000000085700000|100%| O|  |TAMS 0x0000000085600000| PB 0x0000000085600000| Untracked 
|  87|0x0000000085700000, 0x0000000085800000, 0x0000000085800000|100%| O|  |TAMS 0x0000000085700000| PB 0x0000000085700000| Untracked 
|  88|0x0000000085800000, 0x0000000085900000, 0x0000000085900000|100%| O|  |TAMS 0x0000000085800000| PB 0x0000000085800000| Untracked 
|  89|0x0000000085900000, 0x0000000085a00000, 0x0000000085a00000|100%| O|  |TAMS 0x0000000085900000| PB 0x0000000085900000| Untracked 
|  90|0x0000000085a00000, 0x0000000085b00000, 0x0000000085b00000|100%| O|  |TAMS 0x0000000085a00000| PB 0x0000000085a00000| Untracked 
|  91|0x0000000085b00000, 0x0000000085c00000, 0x0000000085c00000|100%| O|  |TAMS 0x0000000085b00000| PB 0x0000000085b00000| Untracked 
|  92|0x0000000085c00000, 0x0000000085d00000, 0x0000000085d00000|100%| O|  |TAMS 0x0000000085c00000| PB 0x0000000085c00000| Untracked 
|  93|0x0000000085d00000, 0x0000000085e00000, 0x0000000085e00000|100%| O|  |TAMS 0x0000000085d00000| PB 0x0000000085d00000| Untracked 
|  94|0x0000000085e00000, 0x0000000085f00000, 0x0000000085f00000|100%| O|  |TAMS 0x0000000085e00000| PB 0x0000000085e00000| Untracked 
|  95|0x0000000085f00000, 0x0000000086000000, 0x0000000086000000|100%| O|  |TAMS 0x0000000085f00000| PB 0x0000000085f00000| Untracked 
|  96|0x0000000086000000, 0x0000000086100000, 0x0000000086100000|100%| O|  |TAMS 0x0000000086000000| PB 0x0000000086000000| Untracked 
|  97|0x0000000086100000, 0x0000000086200000, 0x0000000086200000|100%| O|  |TAMS 0x0000000086100000| PB 0x0000000086100000| Untracked 
|  98|0x0000000086200000, 0x0000000086200000, 0x0000000086300000|  0%| F|  |TAMS 0x0000000086200000| PB 0x0000000086200000| Untracked 
|  99|0x0000000086300000, 0x0000000086400000, 0x0000000086400000|100%| O|  |TAMS 0x0000000086300000| PB 0x0000000086300000| Untracked 
| 100|0x0000000086400000, 0x0000000086500000, 0x0000000086500000|100%| O|  |TAMS 0x0000000086400000| PB 0x0000000086400000| Untracked 
| 101|0x0000000086500000, 0x0000000086600000, 0x0000000086600000|100%| O|  |TAMS 0x0000000086500000| PB 0x0000000086500000| Untracked 
| 102|0x0000000086600000, 0x0000000086700000, 0x0000000086700000|100%| O|  |TAMS 0x0000000086600000| PB 0x0000000086600000| Untracked 
| 103|0x0000000086700000, 0x0000000086800000, 0x0000000086800000|100%| O|  |TAMS 0x0000000086700000| PB 0x0000000086700000| Untracked 
| 104|0x0000000086800000, 0x0000000086900000, 0x0000000086900000|100%| O|  |TAMS 0x0000000086800000| PB 0x0000000086800000| Untracked 
| 105|0x0000000086900000, 0x0000000086a00000, 0x0000000086a00000|100%| O|  |TAMS 0x0000000086900000| PB 0x0000000086900000| Untracked 
| 106|0x0000000086a00000, 0x0000000086b00000, 0x0000000086b00000|100%| O|  |TAMS 0x0000000086a00000| PB 0x0000000086a00000| Untracked 
| 107|0x0000000086b00000, 0x0000000086c00000, 0x0000000086c00000|100%| O|  |TAMS 0x0000000086b00000| PB 0x0000000086b00000| Untracked 
| 108|0x0000000086c00000, 0x0000000086d00000, 0x0000000086d00000|100%| O|  |TAMS 0x0000000086c00000| PB 0x0000000086c00000| Untracked 
| 109|0x0000000086d00000, 0x0000000086e00000, 0x0000000086e00000|100%| O|  |TAMS 0x0000000086d00000| PB 0x0000000086d00000| Untracked 
| 110|0x0000000086e00000, 0x0000000086f00000, 0x0000000086f00000|100%| O|  |TAMS 0x0000000086e00000| PB 0x0000000086e00000| Untracked 
| 111|0x0000000086f00000, 0x0000000087000000, 0x0000000087000000|100%| O|  |TAMS 0x0000000086f00000| PB 0x0000000086f00000| Untracked 
| 112|0x0000000087000000, 0x0000000087100000, 0x0000000087100000|100%| O|  |TAMS 0x0000000087000000| PB 0x0000000087000000| Untracked 
| 113|0x0000000087100000, 0x0000000087200000, 0x0000000087200000|100%| O|  |TAMS 0x0000000087100000| PB 0x0000000087100000| Untracked 
| 114|0x0000000087200000, 0x0000000087300000, 0x0000000087300000|100%| O|  |TAMS 0x0000000087200000| PB 0x0000000087200000| Untracked 
| 115|0x0000000087300000, 0x0000000087300000, 0x0000000087400000|  0%| F|  |TAMS 0x0000000087300000| PB 0x0000000087300000| Untracked 
| 116|0x0000000087400000, 0x0000000087500000, 0x0000000087500000|100%| O|  |TAMS 0x0000000087400000| PB 0x0000000087400000| Untracked 
| 117|0x0000000087500000, 0x0000000087600000, 0x0000000087600000|100%|HS|  |TAMS 0x0000000087500000| PB 0x0000000087500000| Complete 
| 118|0x0000000087600000, 0x0000000087700000, 0x0000000087700000|100%|HC|  |TAMS 0x0000000087600000| PB 0x0000000087600000| Complete 
| 119|0x0000000087700000, 0x0000000087800000, 0x0000000087800000|100%|HS|  |TAMS 0x0000000087700000| PB 0x0000000087700000| Complete 
| 120|0x0000000087800000, 0x0000000087900000, 0x0000000087900000|100%| O|  |TAMS 0x0000000087800000| PB 0x0000000087800000| Untracked 
| 121|0x0000000087900000, 0x0000000087a00000, 0x0000000087a00000|100%| O|  |TAMS 0x0000000087900000| PB 0x0000000087900000| Untracked 
| 122|0x0000000087a00000, 0x0000000087b00000, 0x0000000087b00000|100%| O|  |TAMS 0x0000000087a00000| PB 0x0000000087a00000| Untracked 
| 123|0x0000000087b00000, 0x0000000087c00000, 0x0000000087c00000|100%| O|  |TAMS 0x0000000087b00000| PB 0x0000000087b00000| Untracked 
| 124|0x0000000087c00000, 0x0000000087d00000, 0x0000000087d00000|100%| O|  |TAMS 0x0000000087c00000| PB 0x0000000087c00000| Untracked 
| 125|0x0000000087d00000, 0x0000000087e00000, 0x0000000087e00000|100%| O|  |TAMS 0x0000000087d00000| PB 0x0000000087d00000| Untracked 
| 126|0x0000000087e00000, 0x0000000087f00000, 0x0000000087f00000|100%| O|  |TAMS 0x0000000087e00000| PB 0x0000000087e00000| Untracked 
| 127|0x0000000087f00000, 0x0000000088000000, 0x0000000088000000|100%| O|  |TAMS 0x0000000087f00000| PB 0x0000000087f00000| Untracked 
| 128|0x0000000088000000, 0x0000000088100000, 0x0000000088100000|100%| O|  |TAMS 0x0000000088000000| PB 0x0000000088000000| Untracked 
| 129|0x0000000088100000, 0x0000000088200000, 0x0000000088200000|100%| O|  |TAMS 0x0000000088100000| PB 0x0000000088100000| Untracked 
| 130|0x0000000088200000, 0x0000000088300000, 0x0000000088300000|100%| O|  |TAMS 0x0000000088200000| PB 0x0000000088200000| Untracked 
| 131|0x0000000088300000, 0x0000000088400000, 0x0000000088400000|100%| O|  |TAMS 0x0000000088300000| PB 0x0000000088300000| Untracked 
| 132|0x0000000088400000, 0x0000000088500000, 0x0000000088500000|100%| O|  |TAMS 0x0000000088400000| PB 0x0000000088400000| Untracked 
| 133|0x0000000088500000, 0x0000000088600000, 0x0000000088600000|100%| O|  |TAMS 0x0000000088500000| PB 0x0000000088500000| Untracked 
| 134|0x0000000088600000, 0x0000000088700000, 0x0000000088700000|100%| O|  |TAMS 0x0000000088600000| PB 0x0000000088600000| Untracked 
| 135|0x0000000088700000, 0x0000000088800000, 0x0000000088800000|100%| O|  |TAMS 0x0000000088700000| PB 0x0000000088700000| Untracked 
| 136|0x0000000088800000, 0x0000000088900000, 0x0000000088900000|100%| O|  |TAMS 0x0000000088800000| PB 0x0000000088800000| Untracked 
| 137|0x0000000088900000, 0x0000000088a00000, 0x0000000088a00000|100%| O|  |TAMS 0x0000000088900000| PB 0x0000000088900000| Untracked 
| 138|0x0000000088a00000, 0x0000000088b00000, 0x0000000088b00000|100%| O|  |TAMS 0x0000000088a00000| PB 0x0000000088a00000| Untracked 
| 139|0x0000000088b00000, 0x0000000088c00000, 0x0000000088c00000|100%| O|  |TAMS 0x0000000088b00000| PB 0x0000000088b00000| Untracked 
| 140|0x0000000088c00000, 0x0000000088d00000, 0x0000000088d00000|100%| O|  |TAMS 0x0000000088c00000| PB 0x0000000088c00000| Untracked 
| 141|0x0000000088d00000, 0x0000000088e00000, 0x0000000088e00000|100%| O|  |TAMS 0x0000000088d00000| PB 0x0000000088d00000| Untracked 
| 142|0x0000000088e00000, 0x0000000088f00000, 0x0000000088f00000|100%| O|  |TAMS 0x0000000088e00000| PB 0x0000000088e00000| Untracked 
| 143|0x0000000088f00000, 0x0000000089000000, 0x0000000089000000|100%|HS|  |TAMS 0x0000000088f00000| PB 0x0000000088f00000| Complete 
| 144|0x0000000089000000, 0x0000000089100000, 0x0000000089100000|100%|HC|  |TAMS 0x0000000089000000| PB 0x0000000089000000| Complete 
| 145|0x0000000089100000, 0x0000000089200000, 0x0000000089200000|100%|HS|  |TAMS 0x0000000089100000| PB 0x0000000089100000| Complete 
| 146|0x0000000089200000, 0x0000000089300000, 0x0000000089300000|100%| O|  |TAMS 0x0000000089200000| PB 0x0000000089200000| Untracked 
| 147|0x0000000089300000, 0x0000000089400000, 0x0000000089400000|100%| O|  |TAMS 0x0000000089300000| PB 0x0000000089300000| Untracked 
| 148|0x0000000089400000, 0x0000000089500000, 0x0000000089500000|100%| O|  |TAMS 0x0000000089400000| PB 0x0000000089400000| Untracked 
| 149|0x0000000089500000, 0x0000000089600000, 0x0000000089600000|100%| O|  |TAMS 0x0000000089500000| PB 0x0000000089500000| Untracked 
| 150|0x0000000089600000, 0x000000008964c1a8, 0x0000000089700000| 29%| O|  |TAMS 0x0000000089600000| PB 0x0000000089600000| Untracked 
| 151|0x0000000089700000, 0x0000000089700000, 0x0000000089800000|  0%| F|  |TAMS 0x0000000089700000| PB 0x0000000089700000| Untracked 
| 152|0x0000000089800000, 0x0000000089900000, 0x0000000089900000|100%|HS|  |TAMS 0x0000000089800000| PB 0x0000000089800000| Complete 
| 153|0x0000000089900000, 0x0000000089a00000, 0x0000000089a00000|100%|HC|  |TAMS 0x0000000089900000| PB 0x0000000089900000| Complete 
| 154|0x0000000089a00000, 0x0000000089b00000, 0x0000000089b00000|100%| O|  |TAMS 0x0000000089a00000| PB 0x0000000089a00000| Untracked 
| 155|0x0000000089b00000, 0x0000000089c00000, 0x0000000089c00000|100%| O|  |TAMS 0x0000000089b00000| PB 0x0000000089b00000| Untracked 
| 156|0x0000000089c00000, 0x0000000089d00000, 0x0000000089d00000|100%| O|  |TAMS 0x0000000089c00000| PB 0x0000000089c00000| Untracked 
| 157|0x0000000089d00000, 0x0000000089e00000, 0x0000000089e00000|100%| O|  |TAMS 0x0000000089d00000| PB 0x0000000089d00000| Untracked 
| 158|0x0000000089e00000, 0x0000000089f00000, 0x0000000089f00000|100%| O|  |TAMS 0x0000000089e00000| PB 0x0000000089e00000| Untracked 
| 159|0x0000000089f00000, 0x000000008a000000, 0x000000008a000000|100%| O|  |TAMS 0x0000000089f00000| PB 0x0000000089f00000| Untracked 
| 160|0x000000008a000000, 0x000000008a100000, 0x000000008a100000|100%| O|  |TAMS 0x000000008a000000| PB 0x000000008a000000| Untracked 
| 161|0x000000008a100000, 0x000000008a200000, 0x000000008a200000|100%| O|  |TAMS 0x000000008a100000| PB 0x000000008a100000| Untracked 
| 162|0x000000008a200000, 0x000000008a200000, 0x000000008a300000|  0%| F|  |TAMS 0x000000008a200000| PB 0x000000008a200000| Untracked 
| 163|0x000000008a300000, 0x000000008a300000, 0x000000008a400000|  0%| F|  |TAMS 0x000000008a300000| PB 0x000000008a300000| Untracked 
| 164|0x000000008a400000, 0x000000008a400000, 0x000000008a500000|  0%| F|  |TAMS 0x000000008a400000| PB 0x000000008a400000| Untracked 
| 165|0x000000008a500000, 0x000000008a500000, 0x000000008a600000|  0%| F|  |TAMS 0x000000008a500000| PB 0x000000008a500000| Untracked 
| 166|0x000000008a600000, 0x000000008a600000, 0x000000008a700000|  0%| F|  |TAMS 0x000000008a600000| PB 0x000000008a600000| Untracked 
| 167|0x000000008a700000, 0x000000008a700000, 0x000000008a800000|  0%| F|  |TAMS 0x000000008a700000| PB 0x000000008a700000| Untracked 
| 168|0x000000008a800000, 0x000000008a800000, 0x000000008a900000|  0%| F|  |TAMS 0x000000008a800000| PB 0x000000008a800000| Untracked 
| 169|0x000000008a900000, 0x000000008a900000, 0x000000008aa00000|  0%| F|  |TAMS 0x000000008a900000| PB 0x000000008a900000| Untracked 
| 170|0x000000008aa00000, 0x000000008aa00000, 0x000000008ab00000|  0%| F|  |TAMS 0x000000008aa00000| PB 0x000000008aa00000| Untracked 
| 171|0x000000008ab00000, 0x000000008ab00000, 0x000000008ac00000|  0%| F|  |TAMS 0x000000008ab00000| PB 0x000000008ab00000| Untracked 
| 172|0x000000008ac00000, 0x000000008ac00000, 0x000000008ad00000|  0%| F|  |TAMS 0x000000008ac00000| PB 0x000000008ac00000| Untracked 
| 173|0x000000008ad00000, 0x000000008ad00000, 0x000000008ae00000|  0%| F|  |TAMS 0x000000008ad00000| PB 0x000000008ad00000| Untracked 
| 174|0x000000008ae00000, 0x000000008ae00000, 0x000000008af00000|  0%| F|  |TAMS 0x000000008ae00000| PB 0x000000008ae00000| Untracked 
| 175|0x000000008af00000, 0x000000008af00000, 0x000000008b000000|  0%| F|  |TAMS 0x000000008af00000| PB 0x000000008af00000| Untracked 
| 176|0x000000008b000000, 0x000000008b000000, 0x000000008b100000|  0%| F|  |TAMS 0x000000008b000000| PB 0x000000008b000000| Untracked 
| 177|0x000000008b100000, 0x000000008b100000, 0x000000008b200000|  0%| F|  |TAMS 0x000000008b100000| PB 0x000000008b100000| Untracked 
| 178|0x000000008b200000, 0x000000008b200000, 0x000000008b300000|  0%| F|  |TAMS 0x000000008b200000| PB 0x000000008b200000| Untracked 
| 179|0x000000008b300000, 0x000000008b300000, 0x000000008b400000|  0%| F|  |TAMS 0x000000008b300000| PB 0x000000008b300000| Untracked 
| 180|0x000000008b400000, 0x000000008b400000, 0x000000008b500000|  0%| F|  |TAMS 0x000000008b400000| PB 0x000000008b400000| Untracked 
| 181|0x000000008b500000, 0x000000008b600000, 0x000000008b600000|100%| S|CS|TAMS 0x000000008b500000| PB 0x000000008b500000| Complete 
| 182|0x000000008b600000, 0x000000008b700000, 0x000000008b700000|100%| S|CS|TAMS 0x000000008b600000| PB 0x000000008b600000| Complete 
| 183|0x000000008b700000, 0x000000008b800000, 0x000000008b800000|100%| S|CS|TAMS 0x000000008b700000| PB 0x000000008b700000| Complete 
| 184|0x000000008b800000, 0x000000008b900000, 0x000000008b900000|100%| S|CS|TAMS 0x000000008b800000| PB 0x000000008b800000| Complete 
| 185|0x000000008b900000, 0x000000008ba00000, 0x000000008ba00000|100%| S|CS|TAMS 0x000000008b900000| PB 0x000000008b900000| Complete 
| 186|0x000000008ba00000, 0x000000008bb00000, 0x000000008bb00000|100%| S|CS|TAMS 0x000000008ba00000| PB 0x000000008ba00000| Complete 
| 187|0x000000008bb00000, 0x000000008bc00000, 0x000000008bc00000|100%| S|CS|TAMS 0x000000008bb00000| PB 0x000000008bb00000| Complete 
| 188|0x000000008bc00000, 0x000000008bd00000, 0x000000008bd00000|100%| S|CS|TAMS 0x000000008bc00000| PB 0x000000008bc00000| Complete 
| 189|0x000000008bd00000, 0x000000008be00000, 0x000000008be00000|100%| S|CS|TAMS 0x000000008bd00000| PB 0x000000008bd00000| Complete 
| 190|0x000000008be00000, 0x000000008bf00000, 0x000000008bf00000|100%| S|CS|TAMS 0x000000008be00000| PB 0x000000008be00000| Complete 
| 191|0x000000008bf00000, 0x000000008c000000, 0x000000008c000000|100%| S|CS|TAMS 0x000000008bf00000| PB 0x000000008bf00000| Complete 
| 192|0x000000008c000000, 0x000000008c100000, 0x000000008c100000|100%| S|CS|TAMS 0x000000008c000000| PB 0x000000008c000000| Complete 
| 193|0x000000008c100000, 0x000000008c100000, 0x000000008c200000|  0%| F|  |TAMS 0x000000008c100000| PB 0x000000008c100000| Untracked 
| 194|0x000000008c200000, 0x000000008c200000, 0x000000008c300000|  0%| F|  |TAMS 0x000000008c200000| PB 0x000000008c200000| Untracked 
| 195|0x000000008c300000, 0x000000008c300000, 0x000000008c400000|  0%| F|  |TAMS 0x000000008c300000| PB 0x000000008c300000| Untracked 
| 196|0x000000008c400000, 0x000000008c400000, 0x000000008c500000|  0%| F|  |TAMS 0x000000008c400000| PB 0x000000008c400000| Untracked 
| 197|0x000000008c500000, 0x000000008c500000, 0x000000008c600000|  0%| F|  |TAMS 0x000000008c500000| PB 0x000000008c500000| Untracked 
| 198|0x000000008c600000, 0x000000008c600000, 0x000000008c700000|  0%| F|  |TAMS 0x000000008c600000| PB 0x000000008c600000| Untracked 
| 199|0x000000008c700000, 0x000000008c700000, 0x000000008c800000|  0%| F|  |TAMS 0x000000008c700000| PB 0x000000008c700000| Untracked 
| 200|0x000000008c800000, 0x000000008c800000, 0x000000008c900000|  0%| F|  |TAMS 0x000000008c800000| PB 0x000000008c800000| Untracked 
| 201|0x000000008c900000, 0x000000008c900000, 0x000000008ca00000|  0%| F|  |TAMS 0x000000008c900000| PB 0x000000008c900000| Untracked 
| 202|0x000000008ca00000, 0x000000008ca00000, 0x000000008cb00000|  0%| F|  |TAMS 0x000000008ca00000| PB 0x000000008ca00000| Untracked 
| 203|0x000000008cb00000, 0x000000008cb00000, 0x000000008cc00000|  0%| F|  |TAMS 0x000000008cb00000| PB 0x000000008cb00000| Untracked 
| 204|0x000000008cc00000, 0x000000008cc00000, 0x000000008cd00000|  0%| F|  |TAMS 0x000000008cc00000| PB 0x000000008cc00000| Untracked 
| 205|0x000000008cd00000, 0x000000008cd00000, 0x000000008ce00000|  0%| F|  |TAMS 0x000000008cd00000| PB 0x000000008cd00000| Untracked 
| 206|0x000000008ce00000, 0x000000008ce00000, 0x000000008cf00000|  0%| F|  |TAMS 0x000000008ce00000| PB 0x000000008ce00000| Untracked 
| 207|0x000000008cf00000, 0x000000008cf00000, 0x000000008d000000|  0%| F|  |TAMS 0x000000008cf00000| PB 0x000000008cf00000| Untracked 
| 208|0x000000008d000000, 0x000000008d000000, 0x000000008d100000|  0%| F|  |TAMS 0x000000008d000000| PB 0x000000008d000000| Untracked 
| 209|0x000000008d100000, 0x000000008d100000, 0x000000008d200000|  0%| F|  |TAMS 0x000000008d100000| PB 0x000000008d100000| Untracked 
| 210|0x000000008d200000, 0x000000008d200000, 0x000000008d300000|  0%| F|  |TAMS 0x000000008d200000| PB 0x000000008d200000| Untracked 
| 211|0x000000008d300000, 0x000000008d300000, 0x000000008d400000|  0%| F|  |TAMS 0x000000008d300000| PB 0x000000008d300000| Untracked 
| 212|0x000000008d400000, 0x000000008d400000, 0x000000008d500000|  0%| F|  |TAMS 0x000000008d400000| PB 0x000000008d400000| Untracked 
| 213|0x000000008d500000, 0x000000008d500000, 0x000000008d600000|  0%| F|  |TAMS 0x000000008d500000| PB 0x000000008d500000| Untracked 
| 214|0x000000008d600000, 0x000000008d600000, 0x000000008d700000|  0%| F|  |TAMS 0x000000008d600000| PB 0x000000008d600000| Untracked 
| 215|0x000000008d700000, 0x000000008d700000, 0x000000008d800000|  0%| F|  |TAMS 0x000000008d700000| PB 0x000000008d700000| Untracked 
| 216|0x000000008d800000, 0x000000008d800000, 0x000000008d900000|  0%| F|  |TAMS 0x000000008d800000| PB 0x000000008d800000| Untracked 
| 217|0x000000008d900000, 0x000000008d900000, 0x000000008da00000|  0%| F|  |TAMS 0x000000008d900000| PB 0x000000008d900000| Untracked 
| 218|0x000000008da00000, 0x000000008da00000, 0x000000008db00000|  0%| F|  |TAMS 0x000000008da00000| PB 0x000000008da00000| Untracked 
| 219|0x000000008db00000, 0x000000008db00000, 0x000000008dc00000|  0%| F|  |TAMS 0x000000008db00000| PB 0x000000008db00000| Untracked 
| 220|0x000000008dc00000, 0x000000008dc00000, 0x000000008dd00000|  0%| F|  |TAMS 0x000000008dc00000| PB 0x000000008dc00000| Untracked 
| 221|0x000000008dd00000, 0x000000008dd00000, 0x000000008de00000|  0%| F|  |TAMS 0x000000008dd00000| PB 0x000000008dd00000| Untracked 
| 222|0x000000008de00000, 0x000000008de00000, 0x000000008df00000|  0%| F|  |TAMS 0x000000008de00000| PB 0x000000008de00000| Untracked 
| 223|0x000000008df00000, 0x000000008df00000, 0x000000008e000000|  0%| F|  |TAMS 0x000000008df00000| PB 0x000000008df00000| Untracked 
| 224|0x000000008e000000, 0x000000008e000000, 0x000000008e100000|  0%| F|  |TAMS 0x000000008e000000| PB 0x000000008e000000| Untracked 
| 225|0x000000008e100000, 0x000000008e100000, 0x000000008e200000|  0%| F|  |TAMS 0x000000008e100000| PB 0x000000008e100000| Untracked 
| 226|0x000000008e200000, 0x000000008e200000, 0x000000008e300000|  0%| F|  |TAMS 0x000000008e200000| PB 0x000000008e200000| Untracked 
| 227|0x000000008e300000, 0x000000008e300000, 0x000000008e400000|  0%| F|  |TAMS 0x000000008e300000| PB 0x000000008e300000| Untracked 
| 228|0x000000008e400000, 0x000000008e400000, 0x000000008e500000|  0%| F|  |TAMS 0x000000008e400000| PB 0x000000008e400000| Untracked 
| 229|0x000000008e500000, 0x000000008e500000, 0x000000008e600000|  0%| F|  |TAMS 0x000000008e500000| PB 0x000000008e500000| Untracked 
| 230|0x000000008e600000, 0x000000008e600000, 0x000000008e700000|  0%| F|  |TAMS 0x000000008e600000| PB 0x000000008e600000| Untracked 
| 231|0x000000008e700000, 0x000000008e700000, 0x000000008e800000|  0%| F|  |TAMS 0x000000008e700000| PB 0x000000008e700000| Untracked 
| 232|0x000000008e800000, 0x000000008e800000, 0x000000008e900000|  0%| F|  |TAMS 0x000000008e800000| PB 0x000000008e800000| Untracked 
| 233|0x000000008e900000, 0x000000008e900000, 0x000000008ea00000|  0%| F|  |TAMS 0x000000008e900000| PB 0x000000008e900000| Untracked 
| 234|0x000000008ea00000, 0x000000008ea00000, 0x000000008eb00000|  0%| F|  |TAMS 0x000000008ea00000| PB 0x000000008ea00000| Untracked 
| 235|0x000000008eb00000, 0x000000008eb00000, 0x000000008ec00000|  0%| F|  |TAMS 0x000000008eb00000| PB 0x000000008eb00000| Untracked 
| 236|0x000000008ec00000, 0x000000008ec00000, 0x000000008ed00000|  0%| F|  |TAMS 0x000000008ec00000| PB 0x000000008ec00000| Untracked 
| 237|0x000000008ed00000, 0x000000008ed00000, 0x000000008ee00000|  0%| F|  |TAMS 0x000000008ed00000| PB 0x000000008ed00000| Untracked 
| 238|0x000000008ee00000, 0x000000008ee00000, 0x000000008ef00000|  0%| F|  |TAMS 0x000000008ee00000| PB 0x000000008ee00000| Untracked 
| 239|0x000000008ef00000, 0x000000008ef00000, 0x000000008f000000|  0%| F|  |TAMS 0x000000008ef00000| PB 0x000000008ef00000| Untracked 
| 240|0x000000008f000000, 0x000000008f000000, 0x000000008f100000|  0%| F|  |TAMS 0x000000008f000000| PB 0x000000008f000000| Untracked 
| 241|0x000000008f100000, 0x000000008f100000, 0x000000008f200000|  0%| F|  |TAMS 0x000000008f100000| PB 0x000000008f100000| Untracked 
| 242|0x000000008f200000, 0x000000008f200000, 0x000000008f300000|  0%| F|  |TAMS 0x000000008f200000| PB 0x000000008f200000| Untracked 
| 243|0x000000008f300000, 0x000000008f300000, 0x000000008f400000|  0%| F|  |TAMS 0x000000008f300000| PB 0x000000008f300000| Untracked 
| 244|0x000000008f400000, 0x000000008f400000, 0x000000008f500000|  0%| F|  |TAMS 0x000000008f400000| PB 0x000000008f400000| Untracked 
| 245|0x000000008f500000, 0x000000008f500000, 0x000000008f600000|  0%| F|  |TAMS 0x000000008f500000| PB 0x000000008f500000| Untracked 
| 246|0x000000008f600000, 0x000000008f600000, 0x000000008f700000|  0%| F|  |TAMS 0x000000008f600000| PB 0x000000008f600000| Untracked 
| 247|0x000000008f700000, 0x000000008f700000, 0x000000008f800000|  0%| F|  |TAMS 0x000000008f700000| PB 0x000000008f700000| Untracked 
| 248|0x000000008f800000, 0x000000008f800000, 0x000000008f900000|  0%| F|  |TAMS 0x000000008f800000| PB 0x000000008f800000| Untracked 
| 249|0x000000008f900000, 0x000000008f900000, 0x000000008fa00000|  0%| F|  |TAMS 0x000000008f900000| PB 0x000000008f900000| Untracked 
| 250|0x000000008fa00000, 0x000000008fa00000, 0x000000008fb00000|  0%| F|  |TAMS 0x000000008fa00000| PB 0x000000008fa00000| Untracked 
| 251|0x000000008fb00000, 0x000000008fb00000, 0x000000008fc00000|  0%| F|  |TAMS 0x000000008fb00000| PB 0x000000008fb00000| Untracked 
| 252|0x000000008fc00000, 0x000000008fc00000, 0x000000008fd00000|  0%| F|  |TAMS 0x000000008fc00000| PB 0x000000008fc00000| Untracked 
| 253|0x000000008fd00000, 0x000000008fd00000, 0x000000008fe00000|  0%| F|  |TAMS 0x000000008fd00000| PB 0x000000008fd00000| Untracked 
| 254|0x000000008fe00000, 0x000000008fe00000, 0x000000008ff00000|  0%| F|  |TAMS 0x000000008fe00000| PB 0x000000008fe00000| Untracked 
| 255|0x000000008ff00000, 0x000000008ff00000, 0x0000000090000000|  0%| F|  |TAMS 0x000000008ff00000| PB 0x000000008ff00000| Untracked 
| 256|0x0000000090000000, 0x0000000090000000, 0x0000000090100000|  0%| F|  |TAMS 0x0000000090000000| PB 0x0000000090000000| Untracked 
| 257|0x0000000090100000, 0x0000000090100000, 0x0000000090200000|  0%| F|  |TAMS 0x0000000090100000| PB 0x0000000090100000| Untracked 
| 258|0x0000000090200000, 0x0000000090200000, 0x0000000090300000|  0%| F|  |TAMS 0x0000000090200000| PB 0x0000000090200000| Untracked 
| 259|0x0000000090300000, 0x0000000090300000, 0x0000000090400000|  0%| F|  |TAMS 0x0000000090300000| PB 0x0000000090300000| Untracked 
| 260|0x0000000090400000, 0x0000000090400000, 0x0000000090500000|  0%| F|  |TAMS 0x0000000090400000| PB 0x0000000090400000| Untracked 
| 261|0x0000000090500000, 0x0000000090500000, 0x0000000090600000|  0%| F|  |TAMS 0x0000000090500000| PB 0x0000000090500000| Untracked 
| 262|0x0000000090600000, 0x0000000090600000, 0x0000000090700000|  0%| F|  |TAMS 0x0000000090600000| PB 0x0000000090600000| Untracked 
| 263|0x0000000090700000, 0x0000000090700000, 0x0000000090800000|  0%| F|  |TAMS 0x0000000090700000| PB 0x0000000090700000| Untracked 
| 264|0x0000000090800000, 0x0000000090800000, 0x0000000090900000|  0%| F|  |TAMS 0x0000000090800000| PB 0x0000000090800000| Untracked 
| 265|0x0000000090900000, 0x0000000090900000, 0x0000000090a00000|  0%| F|  |TAMS 0x0000000090900000| PB 0x0000000090900000| Untracked 
| 266|0x0000000090a00000, 0x0000000090a00000, 0x0000000090b00000|  0%| F|  |TAMS 0x0000000090a00000| PB 0x0000000090a00000| Untracked 
| 267|0x0000000090b00000, 0x0000000090b00000, 0x0000000090c00000|  0%| F|  |TAMS 0x0000000090b00000| PB 0x0000000090b00000| Untracked 
| 268|0x0000000090c00000, 0x0000000090c00000, 0x0000000090d00000|  0%| F|  |TAMS 0x0000000090c00000| PB 0x0000000090c00000| Untracked 
| 269|0x0000000090d00000, 0x0000000090d00000, 0x0000000090e00000|  0%| F|  |TAMS 0x0000000090d00000| PB 0x0000000090d00000| Untracked 
| 270|0x0000000090e00000, 0x0000000090e00000, 0x0000000090f00000|  0%| F|  |TAMS 0x0000000090e00000| PB 0x0000000090e00000| Untracked 
| 271|0x0000000090f00000, 0x0000000090f00000, 0x0000000091000000|  0%| F|  |TAMS 0x0000000090f00000| PB 0x0000000090f00000| Untracked 
| 272|0x0000000091000000, 0x0000000091000000, 0x0000000091100000|  0%| F|  |TAMS 0x0000000091000000| PB 0x0000000091000000| Untracked 
| 273|0x0000000091100000, 0x0000000091100000, 0x0000000091200000|  0%| F|  |TAMS 0x0000000091100000| PB 0x0000000091100000| Untracked 

Card table byte_map: [0x000002b5bf9d0000,0x000002b5bfdd0000] _byte_map_base: 0x000002b5bf5d0000

Marking Bits: (CMBitMap*) 0x000002b5ab9a10c0
 Bits: [0x000002b5bfdd0000, 0x000002b5c1dd0000)

Polling page: 0x000002b5ab680000

Metaspace:

Usage:
  Non-class:     22.14 MB used.
      Class:      2.44 MB used.
       Both:     24.58 MB used.

Virtual space:
  Non-class space:       64.00 MB reserved,      22.19 MB ( 35%) committed,  1 nodes.
      Class space:        1.00 GB reserved,       2.50 MB ( <1%) committed,  1 nodes.
             Both:        1.06 GB reserved,      24.69 MB (  2%) committed. 

Chunk freelists:
   Non-Class:  9.62 MB
       Class:  13.53 MB
        Both:  23.16 MB

MaxMetaspaceSize: unlimited
CompressedClassSpaceSize: 1.00 GB
Initial GC threshold: 21.00 MB
Current GC threshold: 39.50 MB
CDS: off
 - commit_granule_bytes: 65536.
 - commit_granule_words: 8192.
 - virtual_space_node_default_size: 8388608.
 - enlarge_chunks_in_place: 1.
 - use_allocation_guard: 0.


Internal statistics:

num_allocs_failed_limit: 3.
num_arena_births: 96.
num_arena_deaths: 0.
num_vsnodes_births: 2.
num_vsnodes_deaths: 0.
num_space_committed: 394.
num_space_uncommitted: 0.
num_chunks_returned_to_freelist: 3.
num_chunks_taken_from_freelist: 465.
num_chunk_merges: 0.
num_chunk_splits: 311.
num_chunks_enlarged: 260.
num_inconsistent_stats: 0.

CodeHeap 'non-profiled nmethods': size=120000Kb used=2072Kb max_used=2676Kb free=117927Kb
 bounds [0x000002b5b7410000, 0x000002b5b76b0000, 0x000002b5be940000]
CodeHeap 'profiled nmethods': size=120000Kb used=5281Kb max_used=6941Kb free=114718Kb
 bounds [0x000002b5af940000, 0x000002b5b0020000, 0x000002b5b6e70000]
CodeHeap 'non-nmethods': size=5760Kb used=1482Kb max_used=1555Kb free=4278Kb
 bounds [0x000002b5b6e70000, 0x000002b5b70e0000, 0x000002b5b7410000]
 total_blobs=3396 nmethods=2837 adapters=463
 compilation: enabled
              stopped_count=0, restarted_count=0
 full_count=0

Compilation events (20 events):
Event: 8.847 Thread 0x000002b5c4b9c790 3628       2       java.io.Reader::<init> (15 bytes)
Event: 8.847 Thread 0x000002b5c4b9c790 nmethod 3628 0x000002b5afbd0790 code [0x000002b5afbd0920, 0x000002b5afbd0a98]
Event: 8.847 Thread 0x000002b5c4b9c790 3629       2       java.io.StringReader::<init> (28 bytes)
Event: 8.847 Thread 0x000002b5c4b59f70 nmethod 3491 0x000002b5b75c3110 code [0x000002b5b75c32c0, 0x000002b5b75c36f0]
Event: 8.847 Thread 0x000002b5c4b9c790 nmethod 3629 0x000002b5afca9b10 code [0x000002b5afca9ca0, 0x000002b5afca9ec0]
Event: 8.847 Thread 0x000002b5c4b59f70 3625       4       org.languagetool.rules.spelling.SpellingCheckRule::addIgnoreWords (171 bytes)
Event: 8.847 Thread 0x000002b5c4b9c790 3634       3       org.languagetool.tokenizers.el.GreekWordTokenizerImpl::getNextToken (324 bytes)
Event: 8.848 Thread 0x000002b5c4b9c790 nmethod 3634 0x000002b5afe6d510 code [0x000002b5afe6d740, 0x000002b5afe6df78]
Event: 8.848 Thread 0x000002b5c4b9c790 3633       2       org.languagetool.tokenizers.el.GreekWordTokenizerImpl::yyreset (61 bytes)
Event: 8.848 Thread 0x000002b5c4b9c790 nmethod 3633 0x000002b5afd3f810 code [0x000002b5afd3f9a0, 0x000002b5afd3fb48]
Event: 8.848 Thread 0x000002b5c4b9c790 3626       2       org.languagetool.tokenizers.el.GreekWordTokenizerImpl::zzRefill (200 bytes)
Event: 8.848 Thread 0x000002b5c4b9c790 nmethod 3626 0x000002b5afe6cc90 code [0x000002b5afe6ce80, 0x000002b5afe6d370]
Event: 8.849 Thread 0x000002b5c4b9c790 3635       3       org.languagetool.tokenizers.el.GreekWordTokenizerImpl::getText (25 bytes)
Event: 8.849 Thread 0x000002b5c4b9c790 nmethod 3635 0x000002b5afd3f290 code [0x000002b5afd3f440, 0x000002b5afd3f5f8]
Event: 8.849 Thread 0x000002b5c4b9c790 3636       3       org.languagetool.tokenizers.el.GreekWordTokenizerImpl::zzRefill (200 bytes)
Event: 8.850 Thread 0x000002b5c4b9c790 nmethod 3636 0x000002b5afc1ef10 code [0x000002b5afc1f120, 0x000002b5afc1f838]
Event: 8.851 Thread 0x000002b5c4b9c790 3637   !   3       org.languagetool.tokenizers.el.GreekWordTokenizer::tokenize (91 bytes)
Event: 8.852 Thread 0x000002b5c9d43630 nmethod 3606 0x000002b5b751db10 code [0x000002b5b751dd80, 0x000002b5b751eb30]
Event: 8.852 Thread 0x000002b5c9d43630 3632 %s    4       org.languagetool.rules.spelling.SpellingCheckRule::init @ 150 (314 bytes)
Event: 8.852 Thread 0x000002b5c4b9c790 nmethod 3637 0x000002b5afd9e210 code [0x000002b5afd9e4e0, 0x000002b5afd9f4c0]

GC Heap History (20 events):
Event: 5.704 GC heap after
{Heap after GC invocations=10 (full 0):
 garbage-first heap   total 137216K, used 44361K [0x0000000080000000, 0x0000000100000000)
  region size 1024K, 5 young (5120K), 5 survivors (5120K)
 Metaspace       used 23423K, committed 23552K, reserved 1114112K
  class space    used 2237K, committed 2304K, reserved 1048576K
}
Event: 6.021 GC heap before
{Heap before GC invocations=10 (full 0):
 garbage-first heap   total 137216K, used 115017K [0x0000000080000000, 0x0000000100000000)
  region size 1024K, 73 young (74752K), 5 survivors (5120K)
 Metaspace       used 23855K, committed 24064K, reserved 1114112K
  class space    used 2277K, committed 2368K, reserved 1048576K
}
Event: 6.037 GC heap after
{Heap after GC invocations=11 (full 0):
 garbage-first heap   total 137216K, used 58880K [0x0000000080000000, 0x0000000100000000)
  region size 1024K, 10 young (10240K), 10 survivors (10240K)
 Metaspace       used 23855K, committed 24064K, reserved 1114112K
  class space    used 2277K, committed 2368K, reserved 1048576K
}
Event: 6.122 GC heap before
{Heap before GC invocations=11 (full 0):
 garbage-first heap   total 137216K, used 111104K [0x0000000080000000, 0x0000000100000000)
  region size 1024K, 59 young (60416K), 10 survivors (10240K)
 Metaspace       used 23868K, committed 24064K, reserved 1114112K
  class space    used 2277K, committed 2368K, reserved 1048576K
}
Event: 6.137 GC heap after
{Heap after GC invocations=12 (full 0):
 garbage-first heap   total 137216K, used 71680K [0x0000000080000000, 0x0000000100000000)
  region size 1024K, 8 young (8192K), 8 survivors (8192K)
 Metaspace       used 23868K, committed 24064K, reserved 1114112K
  class space    used 2277K, committed 2368K, reserved 1048576K
}
Event: 6.207 GC heap before
{Heap before GC invocations=12 (full 0):
 garbage-first heap   total 137216K, used 115712K [0x0000000080000000, 0x0000000100000000)
  region size 1024K, 51 young (52224K), 8 survivors (8192K)
 Metaspace       used 23880K, committed 24064K, reserved 1114112K
  class space    used 2277K, committed 2368K, reserved 1048576K
}
Event: 6.220 GC heap after
{Heap after GC invocations=13 (full 0):
 garbage-first heap   total 137216K, used 81408K [0x0000000080000000, 0x0000000100000000)
  region size 1024K, 7 young (7168K), 7 survivors (7168K)
 Metaspace       used 23880K, committed 24064K, reserved 1114112K
  class space    used 2277K, committed 2368K, reserved 1048576K
}
Event: 6.362 GC heap before
{Heap before GC invocations=14 (full 0):
 garbage-first heap   total 140288K, used 120320K [0x0000000080000000, 0x0000000100000000)
  region size 1024K, 43 young (44032K), 7 survivors (7168K)
 Metaspace       used 23930K, committed 24128K, reserved 1114112K
  class space    used 2279K, committed 2368K, reserved 1048576K
}
Event: 6.377 GC heap after
{Heap after GC invocations=15 (full 0):
 garbage-first heap   total 140288K, used 91648K [0x0000000080000000, 0x0000000100000000)
  region size 1024K, 6 young (6144K), 6 survivors (6144K)
 Metaspace       used 23930K, committed 24128K, reserved 1114112K
  class space    used 2279K, committed 2368K, reserved 1048576K
}
Event: 6.531 GC heap before
{Heap before GC invocations=15 (full 0):
 garbage-first heap   total 140288K, used 123392K [0x0000000080000000, 0x0000000100000000)
  region size 1024K, 37 young (37888K), 6 survivors (6144K)
 Metaspace       used 23930K, committed 24128K, reserved 1114112K
  class space    used 2280K, committed 2368K, reserved 1048576K
}
Event: 6.603 GC heap after
{Heap after GC invocations=16 (full 0):
 garbage-first heap   total 280576K, used 95744K [0x0000000080000000, 0x0000000100000000)
  region size 1024K, 5 young (5120K), 5 survivors (5120K)
 Metaspace       used 23930K, committed 24128K, reserved 1114112K
  class space    used 2280K, committed 2368K, reserved 1048576K
}
Event: 6.834 GC heap before
{Heap before GC invocations=16 (full 0):
 garbage-first heap   total 280576K, used 219648K [0x0000000080000000, 0x0000000100000000)
  region size 1024K, 126 young (129024K), 5 survivors (5120K)
 Metaspace       used 23940K, committed 24128K, reserved 1114112K
  class space    used 2281K, committed 2368K, reserved 1048576K
}
Event: 6.846 GC heap after
{Heap after GC invocations=17 (full 0):
 garbage-first heap   total 280576K, used 117760K [0x0000000080000000, 0x0000000100000000)
  region size 1024K, 16 young (16384K), 16 survivors (16384K)
 Metaspace       used 23940K, committed 24128K, reserved 1114112K
  class space    used 2281K, committed 2368K, reserved 1048576K
}
Event: 7.095 GC heap before
{Heap before GC invocations=17 (full 0):
 garbage-first heap   total 280576K, used 222208K [0x0000000080000000, 0x0000000100000000)
  region size 1024K, 118 young (120832K), 16 survivors (16384K)
 Metaspace       used 23964K, committed 24192K, reserved 1114112K
  class space    used 2281K, committed 2368K, reserved 1048576K
}
Event: 7.131 GC heap after
{Heap after GC invocations=18 (full 0):
 garbage-first heap   total 280576K, used 134445K [0x0000000080000000, 0x0000000100000000)
  region size 1024K, 15 young (15360K), 15 survivors (15360K)
 Metaspace       used 23964K, committed 24192K, reserved 1114112K
  class space    used 2281K, committed 2368K, reserved 1048576K
}
Event: 7.274 GC heap before
{Heap before GC invocations=18 (full 0):
 garbage-first heap   total 280576K, used 191789K [0x0000000080000000, 0x0000000100000000)
  region size 1024K, 66 young (67584K), 15 survivors (15360K)
 Metaspace       used 24006K, committed 24192K, reserved 1114112K
  class space    used 2284K, committed 2368K, reserved 1048576K
}
Event: 7.294 GC heap after
{Heap after GC invocations=19 (full 0):
 garbage-first heap   total 280576K, used 146396K [0x0000000080000000, 0x0000000100000000)
  region size 1024K, 9 young (9216K), 9 survivors (9216K)
 Metaspace       used 24006K, committed 24192K, reserved 1114112K
  class space    used 2284K, committed 2368K, reserved 1048576K
}
Event: 8.752 GC heap before
{Heap before GC invocations=20 (full 0):
 garbage-first heap   total 280576K, used 256988K [0x0000000080000000, 0x0000000100000000)
  region size 1024K, 99 young (101376K), 9 survivors (9216K)
 Metaspace       used 25142K, committed 25280K, reserved 1114112K
  class space    used 2492K, committed 2560K, reserved 1048576K
}
Event: 8.797 GC heap after
{Heap after GC invocations=21 (full 0):
 garbage-first heap   total 280576K, used 161732K [0x0000000080000000, 0x0000000100000000)
  region size 1024K, 11 young (11264K), 11 survivors (11264K)
 Metaspace       used 25142K, committed 25280K, reserved 1114112K
  class space    used 2492K, committed 2560K, reserved 1048576K
}
Event: 8.906 GC heap before
{Heap before GC invocations=21 (full 0):
 garbage-first heap   total 280576K, used 244676K [0x0000000080000000, 0x0000000100000000)
  region size 1024K, 92 young (94208K), 11 survivors (11264K)
 Metaspace       used 25168K, committed 25280K, reserved 1114112K
  class space    used 2493K, committed 2560K, reserved 1048576K
}

Dll operation events (9 events):
Event: 0.249 Loaded shared library c:\Users\Lenovo LOQ\.vscode\extensions\ltex-plus.vscode-ltex-plus-15.4.0\lib\ltex-ls-plus-18.4.0\jdk-21.0.4+7\bin\java.dll
Event: 0.604 Loaded shared library c:\Users\Lenovo LOQ\.vscode\extensions\ltex-plus.vscode-ltex-plus-15.4.0\lib\ltex-ls-plus-18.4.0\jdk-21.0.4+7\bin\zip.dll
Event: 1.005 Loaded shared library c:\Users\Lenovo LOQ\.vscode\extensions\ltex-plus.vscode-ltex-plus-15.4.0\lib\ltex-ls-plus-18.4.0\jdk-21.0.4+7\bin\jsvml.dll
Event: 1.339 Loaded shared library C:\Users\Lenovo LOQ\.vscode\extensions\ltex-plus.vscode-ltex-plus-15.4.0\lib\ltex-ls-plus-18.4.0\jdk-21.0.4+7\bin\net.dll
Event: 1.344 Loaded shared library C:\Users\Lenovo LOQ\.vscode\extensions\ltex-plus.vscode-ltex-plus-15.4.0\lib\ltex-ls-plus-18.4.0\jdk-21.0.4+7\bin\nio.dll
Event: 1.366 Loaded shared library C:\Users\Lenovo LOQ\.vscode\extensions\ltex-plus.vscode-ltex-plus-15.4.0\lib\ltex-ls-plus-18.4.0\jdk-21.0.4+7\bin\zip.dll
Event: 2.034 Loaded shared library C:\Users\Lenovo LOQ\.vscode\extensions\ltex-plus.vscode-ltex-plus-15.4.0\lib\ltex-ls-plus-18.4.0\jdk-21.0.4+7\bin\jimage.dll
Event: 2.269 Loaded shared library C:\Users\Lenovo LOQ\AppData\Local\Temp\jansi-2.4.1-70a815049f7df08f-jansi.dll
Event: 2.341 Loaded shared library c:\Users\Lenovo LOQ\.vscode\extensions\ltex-plus.vscode-ltex-plus-15.4.0\lib\ltex-ls-plus-18.4.0\jdk-21.0.4+7\bin\verify.dll

Deoptimization events (20 events):
Event: 8.200 Thread 0x000002b5ab948f20 Uncommon trap: trap_request=0xffffffc6 fr.pc=0x000002b5b75129b8 relative=0x00000000000009f8
Event: 8.200 Thread 0x000002b5ab948f20 Uncommon trap: reason=bimorphic_or_optimized_type_check action=maybe_recompile pc=0x000002b5b75129b8 method=java.util.HashMap.computeIfAbsent(Ljava/lang/Object;Ljava/util/function/Function;)Ljava/lang/Object; @ 142 c2
Event: 8.200 Thread 0x000002b5ab948f20 DEOPT PACKING pc=0x000002b5b75129b8 sp=0x000000d6afdfd8d0
Event: 8.200 Thread 0x000002b5ab948f20 DEOPT UNPACKING pc=0x000002b5b6ec46a2 sp=0x000000d6afdfd898 mode 2
Event: 8.841 Thread 0x000002b5ab948f20 Uncommon trap: trap_request=0xffffffc6 fr.pc=0x000002b5b754a508 relative=0x0000000000005a08
Event: 8.841 Thread 0x000002b5ab948f20 Uncommon trap: reason=bimorphic_or_optimized_type_check action=maybe_recompile pc=0x000002b5b754a508 method=org.languagetool.rules.spelling.SpellingCheckRule.addIgnoreWords(Ljava/lang/String;)V @ 25 c2
Event: 8.841 Thread 0x000002b5ab948f20 DEOPT PACKING pc=0x000002b5b754a508 sp=0x000000d6afdfe950
Event: 8.841 Thread 0x000002b5ab948f20 DEOPT UNPACKING pc=0x000002b5b6ec46a2 sp=0x000000d6afdfe960 mode 2
Event: 8.844 Thread 0x000002b5ab948f20 Uncommon trap: trap_request=0xffffffc6 fr.pc=0x000002b5b754a508 relative=0x0000000000005a08
Event: 8.844 Thread 0x000002b5ab948f20 Uncommon trap: reason=bimorphic_or_optimized_type_check action=maybe_recompile pc=0x000002b5b754a508 method=org.languagetool.rules.spelling.SpellingCheckRule.addIgnoreWords(Ljava/lang/String;)V @ 25 c2
Event: 8.844 Thread 0x000002b5ab948f20 DEOPT PACKING pc=0x000002b5b754a508 sp=0x000000d6afdfe950
Event: 8.844 Thread 0x000002b5ab948f20 DEOPT UNPACKING pc=0x000002b5b6ec46a2 sp=0x000000d6afdfe960 mode 2
Event: 8.844 Thread 0x000002b5ab948f20 Uncommon trap: trap_request=0xffffffc6 fr.pc=0x000002b5b754a508 relative=0x0000000000005a08
Event: 8.844 Thread 0x000002b5ab948f20 Uncommon trap: reason=bimorphic_or_optimized_type_check action=maybe_recompile pc=0x000002b5b754a508 method=org.languagetool.rules.spelling.SpellingCheckRule.addIgnoreWords(Ljava/lang/String;)V @ 25 c2
Event: 8.844 Thread 0x000002b5ab948f20 DEOPT PACKING pc=0x000002b5b754a508 sp=0x000000d6afdfe950
Event: 8.844 Thread 0x000002b5ab948f20 DEOPT UNPACKING pc=0x000002b5b6ec46a2 sp=0x000000d6afdfe960 mode 2
Event: 8.844 Thread 0x000002b5ab948f20 Uncommon trap: trap_request=0xffffffc6 fr.pc=0x000002b5b754a508 relative=0x0000000000005a08
Event: 8.844 Thread 0x000002b5ab948f20 Uncommon trap: reason=bimorphic_or_optimized_type_check action=maybe_recompile pc=0x000002b5b754a508 method=org.languagetool.rules.spelling.SpellingCheckRule.addIgnoreWords(Ljava/lang/String;)V @ 25 c2
Event: 8.844 Thread 0x000002b5ab948f20 DEOPT PACKING pc=0x000002b5b754a508 sp=0x000000d6afdfe950
Event: 8.844 Thread 0x000002b5ab948f20 DEOPT UNPACKING pc=0x000002b5b6ec46a2 sp=0x000000d6afdfe960 mode 2

Classes loaded (20 events):
Event: 6.005 Loading class sun/text/CompactByteArray
Event: 6.005 Loading class sun/text/CompactByteArray done
Event: 6.005 Loading class sun/text/SupplementaryCharacterData
Event: 6.006 Loading class sun/text/SupplementaryCharacterData done
Event: 6.006 Loading class java/text/BreakIterator$BreakIteratorCache
Event: 6.006 Loading class java/text/BreakIterator$BreakIteratorCache done
Event: 6.006 Loading class java/text/StringCharacterIterator
Event: 6.006 Loading class java/text/CharacterIterator
Event: 6.006 Loading class java/text/CharacterIterator done
Event: 6.006 Loading class java/text/StringCharacterIterator done
Event: 6.275 Loading class java/net/URISyntaxException
Event: 6.275 Loading class java/net/URISyntaxException done
Event: 7.258 Loading class java/io/SequenceInputStream
Event: 7.258 Loading class java/io/SequenceInputStream done
Event: 8.029 Loading class java/util/regex/PatternSyntaxException
Event: 8.030 Loading class java/util/regex/PatternSyntaxException done
Event: 8.198 Loading class java/util/function/IntUnaryOperator
Event: 8.198 Loading class java/util/function/IntUnaryOperator done
Event: 8.843 Loading class java/lang/ArrayIndexOutOfBoundsException
Event: 8.843 Loading class java/lang/ArrayIndexOutOfBoundsException done

Classes unloaded (0 events):
No events

Classes redefined (0 events):
No events

Internal exceptions (20 events):
Event: 2.274 Thread 0x000002b5ab948f20 Exception <a 'java/lang/NullPointerException'{0x0000000083833f48}> (0x0000000083833f48) 
thrown [s\src\hotspot\share\interpreter\linkResolver.cpp, line 1372]
Event: 2.274 Thread 0x000002b5ab948f20 Exception <a 'java/lang/NullPointerException'{0x0000000083834228}> (0x0000000083834228) 
thrown [s\src\hotspot\share\interpreter\linkResolver.cpp, line 1372]
Event: 2.274 Thread 0x000002b5ab948f20 Exception <a 'java/lang/NullPointerException'{0x0000000083834508}> (0x0000000083834508) 
thrown [s\src\hotspot\share\interpreter\linkResolver.cpp, line 1372]
Event: 2.684 Thread 0x000002b5ab948f20 Exception <a 'java/lang/NoSuchMethodError'{0x000000008309eff0}: 'int java.lang.invoke.DirectMethodHandle$Holder.invokeSpecial(java.lang.Object, java.lang.Object, java.lang.Object)'> (0x000000008309eff0) 
thrown [s\src\hotspot\share\interpreter\linkResolver.cpp, line 773]
Event: 2.686 Thread 0x000002b5ab948f20 Exception <a 'java/lang/NoSuchMethodError'{0x00000000830a9878}: 'void java.lang.invoke.DelegatingMethodHandle$Holder.reinvoke_L(java.lang.Object, java.lang.Object, int)'> (0x00000000830a9878) 
thrown [s\src\hotspot\share\interpreter\linkResolver.cpp, line 773]
Event: 2.687 Thread 0x000002b5ab948f20 Exception <a 'java/lang/NoSuchMethodError'{0x00000000830b01f8}: 'int java.lang.invoke.Invokers$Holder.invokeExact_MT(java.lang.Object, java.lang.Object, java.lang.Object)'> (0x00000000830b01f8) 
thrown [s\src\hotspot\share\interpreter\linkResolver.cpp, line 773]
Event: 2.689 Thread 0x000002b5ab948f20 Exception <a 'java/lang/NoSuchMethodError'{0x00000000830c0880}: 'void java.lang.invoke.Invokers$Holder.invokeExact_MT(java.lang.Object, java.lang.Object, java.lang.Object, java.lang.Object)'> (0x00000000830c0880) 
thrown [s\src\hotspot\share\interpreter\linkResolver.cpp, line 773]
Event: 2.752 Thread 0x000002b5ab948f20 Exception <a 'java/lang/NoSuchMethodError'{0x0000000082e1ab70}: 'void java.lang.invoke.DirectMethodHandle$Holder.invokeVirtual(java.lang.Object, java.lang.Object)'> (0x0000000082e1ab70) 
thrown [s\src\hotspot\share\interpreter\linkResolver.cpp, line 773]
Event: 3.019 Thread 0x000002b5ab948f20 Exception <a 'java/lang/NoClassDefFoundError'{0x0000000083fcbe10}: org/apache/log4j/Priority> (0x0000000083fcbe10) 
thrown [s\src\hotspot\share\classfile\systemDictionary.cpp, line 301]
Event: 3.143 Thread 0x000002b5ab948f20 Exception <a 'java/lang/ClassNotFoundException'{0x0000000083e93310}: com/sun/org/apache/xerces/internal/impl/xpath/regex/spi/messageProvider> (0x0000000083e93310) 
thrown [s\src\hotspot\share\classfile\systemDictionary.cpp, line 312]
Event: 3.865 Thread 0x000002b5ab948f20 Exception <a 'java/lang/NoSuchMethodError'{0x00000000836e2718}: 'java.lang.Object java.lang.invoke.DirectMethodHandle$Holder.invokeInterface(java.lang.Object, java.lang.Object)'> (0x00000000836e2718) 
thrown [s\src\hotspot\share\interpreter\linkResolver.cpp, line 773]
Event: 3.865 Thread 0x000002b5ab948f20 Exception <a 'java/lang/IncompatibleClassChangeError'{0x00000000836e5cd0}: Found class java.lang.Object, but interface was expected> (0x00000000836e5cd0) 
thrown [s\src\hotspot\share\interpreter\linkResolver.cpp, line 840]
Event: 4.048 Thread 0x000002b5ab948f20 Exception <a 'java/lang/NoSuchMethodError'{0x0000000083f33c80}: 'java.lang.Object java.lang.invoke.Invokers$Holder.invokeExact_MT(java.lang.Object, java.lang.Object, java.lang.Object, java.lang.Object, java.lang.Object, java.lang.Object)'> (0x0000000083f33c80) 
thrown [s\src\hotspot\share\interpreter\linkResolver.cpp, line 773]
Event: 4.074 Thread 0x000002b5ab948f20 Exception <a 'java/lang/NoSuchMethodError'{0x0000000083e3b488}: 'int java.lang.invoke.DirectMethodHandle$Holder.invokeVirtual(java.lang.Object, java.lang.Object, java.lang.Object)'> (0x0000000083e3b488) 
thrown [s\src\hotspot\share\interpreter\linkResolver.cpp, line 773]
Event: 4.130 Thread 0x000002b5ab948f20 Exception <a 'java/lang/NoSuchMethodError'{0x0000000083b1ffe0}: 'void java.lang.invoke.DirectMethodHandle$Holder.invokeInterface(java.lang.Object, java.lang.Object, java.lang.Object)'> (0x0000000083b1ffe0) 
thrown [s\src\hotspot\share\interpreter\linkResolver.cpp, line 773]
Event: 4.199 Thread 0x000002b5ab948f20 Exception <a 'java/lang/NoSuchMethodError'{0x0000000083bf6f60}: 'java.lang.Object java.lang.invoke.DirectMethodHandle$Holder.invokeVirtual(java.lang.Object, java.lang.Object, java.lang.Object)'> (0x0000000083bf6f60) 
thrown [s\src\hotspot\share\interpreter\linkResolver.cpp, line 773]
Event: 5.771 Thread 0x000002b5ab948f20 Implicit null exception at 0x000002b5b75f3d01 to 0x000002b5b75f3d34
Event: 6.000 Thread 0x000002b5ab948f20 Implicit null exception at 0x000002b5b74963ee to 0x000002b5b7496f90
Event: 7.512 Thread 0x000002b5ab948f20 Exception <a 'java/lang/NoSuchMethodError'{0x0000000090fb6a70}: 'java.lang.Object java.lang.invoke.DirectMethodHandle$Holder.invokeStaticInit(java.lang.Object, java.lang.Object, java.lang.Object)'> (0x0000000090fb6a70) 
thrown [s\src\hotspot\share\interpreter\linkResolver.cpp, line 773]
Event: 7.513 Thread 0x000002b5ab948f20 Exception <a 'java/lang/NoSuchMethodError'{0x0000000090fd0268}: 'java.lang.Object java.lang.invoke.DirectMethodHandle$Holder.invokeStaticInit(java.lang.Object, java.lang.Object, java.lang.Object, java.lang.Object)'> (0x0000000090fd0268) 
thrown [s\src\hotspot\share\interpreter\linkResolver.cpp, line 773]

ZGC Phase Switch (0 events):
No events

VM Operations (20 events):
Event: 6.846 Executing VM operation: G1CollectForAllocation (G1 Evacuation Pause) done
Event: 7.095 Executing VM operation: G1CollectForAllocation (G1 Evacuation Pause)
Event: 7.131 Executing VM operation: G1CollectForAllocation (G1 Evacuation Pause) done
Event: 7.211 Executing VM operation: HandshakeAllThreads (Deoptimize)
Event: 7.211 Executing VM operation: HandshakeAllThreads (Deoptimize) done
Event: 7.274 Executing VM operation: G1TryInitiateConcMark (G1 Humongous Allocation)
Event: 7.294 Executing VM operation: G1TryInitiateConcMark (G1 Humongous Allocation) done
Event: 7.347 Executing VM operation: G1PauseRemark
Event: 7.381 Executing VM operation: G1PauseRemark done
Event: 7.449 Executing VM operation: G1PauseCleanup
Event: 7.449 Executing VM operation: G1PauseCleanup done
Event: 7.510 Executing VM operation: HandshakeAllThreads (Deoptimize)
Event: 7.510 Executing VM operation: HandshakeAllThreads (Deoptimize) done
Event: 8.525 Executing VM operation: Cleanup
Event: 8.525 Executing VM operation: Cleanup done
Event: 8.752 Executing VM operation: G1CollectForAllocation (G1 Evacuation Pause)
Event: 8.797 Executing VM operation: G1CollectForAllocation (G1 Evacuation Pause) done
Event: 8.843 Executing VM operation: HandshakeAllThreads (Deoptimize)
Event: 8.844 Executing VM operation: HandshakeAllThreads (Deoptimize) done
Event: 8.906 Executing VM operation: G1CollectForAllocation (G1 Evacuation Pause)

Memory protections (0 events):
No events

Nmethod flushes (20 events):
Event: 7.381 Thread 0x000002b5c4afbfd0 flushing  nmethod 0x000002b5aff0d090
Event: 7.381 Thread 0x000002b5c4afbfd0 flushing  nmethod 0x000002b5aff6ff90
Event: 7.381 Thread 0x000002b5c4afbfd0 flushing  nmethod 0x000002b5aff70710
Event: 7.381 Thread 0x000002b5c4afbfd0 flushing  nmethod 0x000002b5aff81e10
Event: 7.381 Thread 0x000002b5c4afbfd0 flushing  nmethod 0x000002b5aff82510
Event: 7.381 Thread 0x000002b5c4afbfd0 flushing  nmethod 0x000002b5aff82c90
Event: 7.381 Thread 0x000002b5c4afbfd0 flushing  nmethod 0x000002b5aff83a90
Event: 7.381 Thread 0x000002b5c4afbfd0 flushing  nmethod 0x000002b5aff84610
Event: 7.381 Thread 0x000002b5c4afbfd0 flushing  nmethod 0x000002b5aff85110
Event: 7.381 Thread 0x000002b5c4afbfd0 flushing  nmethod 0x000002b5aff85b90
Event: 7.381 Thread 0x000002b5c4afbfd0 flushing  nmethod 0x000002b5aff86b10
Event: 7.381 Thread 0x000002b5c4afbfd0 flushing  nmethod 0x000002b5aff87010
Event: 7.381 Thread 0x000002b5c4afbfd0 flushing  nmethod 0x000002b5aff87910
Event: 7.381 Thread 0x000002b5c4afbfd0 flushing  nmethod 0x000002b5aff88410
Event: 7.381 Thread 0x000002b5c4afbfd0 flushing  nmethod 0x000002b5aff89890
Event: 7.381 Thread 0x000002b5c4afbfd0 flushing  nmethod 0x000002b5aff89e10
Event: 7.381 Thread 0x000002b5c4afbfd0 flushing  nmethod 0x000002b5aff8aa10
Event: 7.381 Thread 0x000002b5c4afbfd0 flushing  nmethod 0x000002b5aff8ad90
Event: 7.381 Thread 0x000002b5c4afbfd0 flushing  nmethod 0x000002b5affb5f90
Event: 7.381 Thread 0x000002b5c4afbfd0 flushing osr nmethod 0x000002b5affbd310

Events (17 events):
Event: 0.523 Thread 0x000002b5ab948f20 Thread added: 0x000002b5ab948f20
Event: 0.950 Thread 0x000002b5ab948f20 Thread added: 0x000002b5c4b6b730
Event: 0.950 Thread 0x000002b5ab948f20 Thread added: 0x000002b5c4b6ceb0
Event: 0.957 Thread 0x000002b5ab948f20 Thread added: 0x000002b5c4b78df0
Event: 0.957 Thread 0x000002b5ab948f20 Thread added: 0x000002b5c4b79850
Event: 0.957 Thread 0x000002b5ab948f20 Thread added: 0x000002b5c4b6f0e0
Event: 0.957 Thread 0x000002b5ab948f20 Thread added: 0x000002b5c4b4ef60
Event: 0.957 Thread 0x000002b5ab948f20 Thread added: 0x000002b5c4b59f70
Event: 0.957 Thread 0x000002b5ab948f20 Thread added: 0x000002b5c4b9c790
Event: 1.295 Thread 0x000002b5ab948f20 Thread added: 0x000002b5c4d55840
Event: 1.325 Thread 0x000002b5ab948f20 Thread added: 0x000002b5c4d65c60
Event: 2.023 Thread 0x000002b5ab948f20 Thread added: 0x000002b5c4ef9940
Event: 2.122 Thread 0x000002b5c4ef9940 Thread exited: 0x000002b5c4ef9940
Event: 2.421 Thread 0x000002b5c4b9c790 Thread added: 0x000002b5c94a14e0
Event: 3.002 Thread 0x000002b5c94a14e0 Thread exited: 0x000002b5c94a14e0
Event: 3.799 Thread 0x000002b5c4b9c790 Thread added: 0x000002b5c9d43630
Event: 3.955 Thread 0x000002b5c9d43630 Thread added: 0x000002b5c9d443d0


Dynamic libraries:
0x00007ff788ff0000 - 0x00007ff788ffe000 	c:\Users\Lenovo LOQ\.vscode\extensions\ltex-plus.vscode-ltex-plus-15.4.0\lib\ltex-ls-plus-18.4.0\jdk-21.0.4+7\bin\java.exe
0x00007ffebede0000 - 0x00007ffebf049000 	C:\WINDOWS\SYSTEM32\ntdll.dll
0x00007ffebd380000 - 0x00007ffebd449000 	C:\WINDOWS\System32\KERNEL32.DLL
0x00007ffebbf30000 - 0x00007ffebc31f000 	C:\WINDOWS\System32\KERNELBASE.dll
0x00007ffebc780000 - 0x00007ffebc8cb000 	C:\WINDOWS\System32\ucrtbase.dll
0x00007ffe9ad90000 - 0x00007ffe9ada8000 	c:\Users\Lenovo LOQ\.vscode\extensions\ltex-plus.vscode-ltex-plus-15.4.0\lib\ltex-ls-plus-18.4.0\jdk-21.0.4+7\bin\jli.dll
0x00007ffebcf70000 - 0x00007ffebd13c000 	C:\WINDOWS\System32\USER32.dll
0x00007ffe9a930000 - 0x00007ffe9a94b000 	c:\Users\Lenovo LOQ\.vscode\extensions\ltex-plus.vscode-ltex-plus-15.4.0\lib\ltex-ls-plus-18.4.0\jdk-21.0.4+7\bin\VCRUNTIME140.dll
0x00007ffe93bc0000 - 0x00007ffe93e5a000 	C:\WINDOWS\WinSxS\amd64_microsoft.windows.common-controls_6595b64144ccf1df_6.0.26100.5651_none_3e0bb264e3315894\COMCTL32.dll
0x00007ffebbf00000 - 0x00007ffebbf27000 	C:\WINDOWS\System32\win32u.dll
0x00007ffebd2c0000 - 0x00007ffebd369000 	C:\WINDOWS\System32\msvcrt.dll
0x00007ffebcda0000 - 0x00007ffebcdcb000 	C:\WINDOWS\System32\GDI32.dll
0x00007ffebca20000 - 0x00007ffebcb58000 	C:\WINDOWS\System32\gdi32full.dll
0x00007ffebc970000 - 0x00007ffebca13000 	C:\WINDOWS\System32\msvcp_win.dll
0x00007ffebe470000 - 0x00007ffebe49f000 	C:\WINDOWS\System32\IMM32.DLL
0x00007ffe970e0000 - 0x00007ffe970ec000 	c:\Users\Lenovo LOQ\.vscode\extensions\ltex-plus.vscode-ltex-plus-15.4.0\lib\ltex-ls-plus-18.4.0\jdk-21.0.4+7\bin\vcruntime140_1.dll
0x00007ffe421e0000 - 0x00007ffe4226e000 	c:\Users\Lenovo LOQ\.vscode\extensions\ltex-plus.vscode-ltex-plus-15.4.0\lib\ltex-ls-plus-18.4.0\jdk-21.0.4+7\bin\msvcp140.dll
0x00007ffdf4fc0000 - 0x00007ffdf5d48000 	c:\Users\Lenovo LOQ\.vscode\extensions\ltex-plus.vscode-ltex-plus-15.4.0\lib\ltex-ls-plus-18.4.0\jdk-21.0.4+7\bin\server\jvm.dll
0x00007ffebd1f0000 - 0x00007ffebd2a4000 	C:\WINDOWS\System32\ADVAPI32.dll
0x00007ffebe350000 - 0x00007ffebe3f6000 	C:\WINDOWS\System32\sechost.dll
0x00007ffebce50000 - 0x00007ffebcf68000 	C:\WINDOWS\System32\RPCRT4.dll
0x00007ffebe9b0000 - 0x00007ffebea24000 	C:\WINDOWS\System32\WS2_32.dll
0x00007ffebaac0000 - 0x00007ffebab1e000 	C:\WINDOWS\SYSTEM32\POWRPROF.dll
0x00007ffeb88c0000 - 0x00007ffeb88f5000 	C:\WINDOWS\SYSTEM32\WINMM.dll
0x00007ffeb0ca0000 - 0x00007ffeb0cab000 	C:\WINDOWS\SYSTEM32\VERSION.dll
0x00007ffebaaa0000 - 0x00007ffebaab4000 	C:\WINDOWS\SYSTEM32\UMPDC.dll
0x00007ffebad80000 - 0x00007ffebad9b000 	C:\WINDOWS\SYSTEM32\kernel.appcore.dll
0x00007ffe97080000 - 0x00007ffe9708a000 	c:\Users\Lenovo LOQ\.vscode\extensions\ltex-plus.vscode-ltex-plus-15.4.0\lib\ltex-ls-plus-18.4.0\jdk-21.0.4+7\bin\jimage.dll
0x00007ffeb9410000 - 0x00007ffeb9652000 	C:\WINDOWS\SYSTEM32\DBGHELP.DLL
0x00007ffebdea0000 - 0x00007ffebe229000 	C:\WINDOWS\System32\combase.dll
0x00007ffebd650000 - 0x00007ffebd730000 	C:\WINDOWS\System32\OLEAUT32.dll
0x00007ffe9e730000 - 0x00007ffe9e773000 	C:\WINDOWS\SYSTEM32\dbgcore.DLL
0x00007ffebc8d0000 - 0x00007ffebc969000 	C:\WINDOWS\System32\bcryptPrimitives.dll
0x00007ffe727d0000 - 0x00007ffe727ef000 	c:\Users\Lenovo LOQ\.vscode\extensions\ltex-plus.vscode-ltex-plus-15.4.0\lib\ltex-ls-plus-18.4.0\jdk-21.0.4+7\bin\java.dll
0x00007ffe72430000 - 0x00007ffe72448000 	c:\Users\Lenovo LOQ\.vscode\extensions\ltex-plus.vscode-ltex-plus-15.4.0\lib\ltex-ls-plus-18.4.0\jdk-21.0.4+7\bin\zip.dll
0x00007ffebd740000 - 0x00007ffebde8e000 	C:\WINDOWS\System32\SHELL32.dll
0x00007ffebc570000 - 0x00007ffebc6e4000 	C:\WINDOWS\System32\wintypes.dll
0x00007ffeb9b10000 - 0x00007ffeba370000 	C:\WINDOWS\SYSTEM32\windows.storage.dll
0x00007ffebcb60000 - 0x00007ffebcc55000 	C:\WINDOWS\System32\SHCORE.dll
0x00007ffebe400000 - 0x00007ffebe469000 	C:\WINDOWS\System32\shlwapi.dll
0x00007ffebbe10000 - 0x00007ffebbe3f000 	C:\WINDOWS\SYSTEM32\profapi.dll
0x00007ffe42100000 - 0x00007ffe421d7000 	c:\Users\Lenovo LOQ\.vscode\extensions\ltex-plus.vscode-ltex-plus-15.4.0\lib\ltex-ls-plus-18.4.0\jdk-21.0.4+7\bin\jsvml.dll
0x00007ffe97070000 - 0x00007ffe97080000 	C:\Users\Lenovo LOQ\.vscode\extensions\ltex-plus.vscode-ltex-plus-15.4.0\lib\ltex-ls-plus-18.4.0\jdk-21.0.4+7\bin\net.dll
0x00007ffeb0a50000 - 0x00007ffeb0b6e000 	C:\WINDOWS\SYSTEM32\WINHTTP.dll
0x00007ffebb2e0000 - 0x00007ffebb34b000 	C:\WINDOWS\system32\mswsock.dll
0x00007ffe6b880000 - 0x00007ffe6b896000 	C:\Users\Lenovo LOQ\.vscode\extensions\ltex-plus.vscode-ltex-plus-15.4.0\lib\ltex-ls-plus-18.4.0\jdk-21.0.4+7\bin\nio.dll
0x00007ffe41380000 - 0x00007ffe413a4000 	C:\Users\Lenovo LOQ\AppData\Local\Temp\jansi-2.4.1-70a815049f7df08f-jansi.dll
0x00007ffe86cb0000 - 0x00007ffe86cc0000 	c:\Users\Lenovo LOQ\.vscode\extensions\ltex-plus.vscode-ltex-plus-15.4.0\lib\ltex-ls-plus-18.4.0\jdk-21.0.4+7\bin\verify.dll

dbghelp: loaded successfully - version: 4.0.5 - missing functions: none
symbol engine: initialized successfully - sym options: 0x614 - pdb path: .;c:\Users\Lenovo LOQ\.vscode\extensions\ltex-plus.vscode-ltex-plus-15.4.0\lib\ltex-ls-plus-18.4.0\jdk-21.0.4+7\bin;C:\WINDOWS\SYSTEM32;C:\WINDOWS\WinSxS\amd64_microsoft.windows.common-controls_6595b64144ccf1df_6.0.26100.5651_none_3e0bb264e3315894;c:\Users\Lenovo LOQ\.vscode\extensions\ltex-plus.vscode-ltex-plus-15.4.0\lib\ltex-ls-plus-18.4.0\jdk-21.0.4+7\bin\server;C:\Users\Lenovo LOQ\AppData\Local\Temp

VM Arguments:
jvm_args: -Xms64m -Xmx2048m -Dapp.name=ltex-ls-plus -Dapp.repo=c:\Users\Lenovo LOQ\.vscode\extensions\ltex-plus.vscode-ltex-plus-15.4.0\lib\ltex-ls-plus-18.4.0\lib -Dapp.home=c:\Users\Lenovo LOQ\.vscode\extensions\ltex-plus.vscode-ltex-plus-15.4.0\lib\ltex-ls-plus-18.4.0 -Dbasedir=c:\Users\Lenovo LOQ\.vscode\extensions\ltex-plus.vscode-ltex-plus-15.4.0\lib\ltex-ls-plus-18.4.0 
java_command: org.bsplines.ltexls.LtexLanguageServerLauncher
java_class_path (initial): c:\Users\Lenovo LOQ\.vscode\extensions\ltex-plus.vscode-ltex-plus-15.4.0\lib\ltex-ls-plus-18.4.0\etc;c:\Users\Lenovo LOQ\.vscode\extensions\ltex-plus.vscode-ltex-plus-15.4.0\lib\ltex-ls-plus-18.4.0\lib\aho-corasick-double-array-trie-1.2.2.jar;c:\Users\Lenovo LOQ\.vscode\extensions\ltex-plus.vscode-ltex-plus-15.4.0\lib\ltex-ls-plus-18.4.0\lib\annotations-12.0.jar;c:\Users\Lenovo LOQ\.vscode\extensions\ltex-plus.vscode-ltex-plus-15.4.0\lib\ltex-ls-plus-18.4.0\lib\annotations-13.0.jar;c:\Users\Lenovo LOQ\.vscode\extensions\ltex-plus.vscode-ltex-plus-15.4.0\lib\ltex-ls-plus-18.4.0\lib\annotations-4.1.1.4.jar;c:\Users\Lenovo LOQ\.vscode\extensions\ltex-plus.vscode-ltex-plus-15.4.0\lib\ltex-ls-plus-18.4.0\lib\asturian-pos-dict-0.1.jar;c:\Users\Lenovo LOQ\.vscode\extensions\ltex-plus.vscode-ltex-plus-15.4.0\lib\ltex-ls-plus-18.4.0\lib\catalan-pos-dict-2.26.jar;c:\Users\Lenovo LOQ\.vscode\extensions\ltex-plus.vscode-ltex-plus-15.4.0\lib\ltex-ls-plus-18.4.0\lib\checker-qual-3.33.0.jar;c:\Users\Lenovo LOQ\.vscode\extensions\ltex-plus.vscode-ltex-plus-15.4.0\lib\ltex-ls-plus-18.4.0\lib\commons-digester-2.1.jar;c:\Users\Lenovo LOQ\.vscode\extensions\ltex-plus.vscode-ltex-plus-15.4.0\lib\ltex-ls-plus-18.4.0\lib\commons-lang3-3.12.0.jar;c:\Users\Lenovo LOQ\.vscode\extensions\ltex-plus.vscode-ltex-plus-15.4.0\lib\ltex-ls-plus-18.4.0\lib\commons-logging-1.2.jar;c:\Users\Lenovo LOQ\.vscode\extensions\ltex-plus.vscode-ltex-plus-15.4.0\lib\ltex-ls-plus-18.4.0\lib\commons-pool2-2.11.1.jar;c:\Users\Lenovo LOQ\.vscode\extensions\ltex-plus.vscode-ltex-plus-15.4.0\lib\ltex-ls-plus-18.4.0\lib\commons-text-1.10.0.jar;c:\Users\Lenovo LOQ\.vscode\extensions\ltex-plus.vscode-ltex-plus-15.4.0\lib\ltex-ls-plus-18.4.0\lib\commons-validator-1.7.jar;c:\Users\Lenovo LOQ\.vscode\extensions\ltex-plus.vscode-ltex-plus-15.4.0\lib\ltex-ls-plus-18.4.0\lib\dutch-pos-dict-0.1.jar;c:\Users\Lenovo LOQ\.vscode\extensions\ltex-plus.vscode-ltex-plus-15.4.0\lib\ltex-ls-plus-18.4.0\lib\english-pos-dict-0.3.jar;c:\Users\Lenovo LOQ\.vscode\extensions\ltex-plus.vscode-ltex-plus-15.4.0\lib\ltex-ls-plus-18.4.0\lib\error_prone_annotations-2.27.0.jar;c:\Users\Lenovo LOQ\.vscode\extensions\ltex-plus.vscode-ltex-plus-15.4.0\lib\ltex-ls-plus-18.4.0\lib\failureaccess-1.0.1.jar;c:\Users\Lenovo LOQ\.vscode\extensions\ltex-plus.vscode-ltex-plus-15.4.0\lib\ltex-ls-plus-18.4.0\lib\FastInfoset-1.2.13.jar;c:\Users\Lenovo LOQ\.vscode\extensions\ltex-plus.vscode-ltex-plus-15.4.0\lib\ltex-ls-plus-18.4.0\lib\fastutil-core-8.5.12.jar;c:\Users\Lenovo LOQ\.vscode\extensions\ltex-plus.vscode-ltex-plus-15.4.0\lib\ltex-ls-plus-18.4.0\lib\flexmark-0.64.8.jar;c:\Users\Lenovo LOQ\.vscode\extensions\ltex-plus.vscode-ltex-plus-15.4.0\lib\ltex-ls-plus-18.4.0\lib\flexmark-ext-definition-0.64.8.jar;c:\Users\Lenovo LOQ\.vscode\extensions\ltex-plus.vscode-ltex-plus-15.4.0\lib\ltex-ls-plus-18.4.0\lib\flexmark-ext-gfm-strikethrough-0.64.8.jar;c:\Users\Lenovo LOQ\.vscode\extensions\ltex-plus.vscode-ltex-plus-15.4.0\lib\ltex-ls-plus-18.4.0\lib\flexmark-ext-gitlab-0.64.8.jar;c:\Users\Lenovo LOQ\.vscode\extensions\ltex-plus.vscode-ltex-plus-15.4.0\lib\ltex-ls-plus-18.4.0\lib\flexmark-ext-tables-0.64.8.jar;c:\Users\Lenovo LOQ\.vscode\extensions\ltex-plus.vscode-ltex-plus-15.4.0\lib\ltex-ls-plus-18.4.0\lib\flexmark-ext-yaml-front-matter-0.64.8.jar;c:\Users\Lenovo LOQ\.vscode\extensions\ltex-plus.vscode-ltex-plus-15.4.0\lib\ltex-ls-plus-18.4.0\lib\flexmark-test-util-0.64.8.jar;c:\Users\Lenovo LOQ\.vscode\extensions\ltex-plus.vscode-ltex-plus-15.4.0\lib\ltex-ls-plus-18.4.0\lib\flexmark-util-0.64.8.jar;c:\Users\Lenovo LOQ\.vscode\extensions\ltex-plus.vscode-ltex-plus-15.4.0\lib\ltex-ls-plus-18.4.0\lib\flexmark-util-ast-0.64.8.jar;c:\Users\Lenovo LOQ\.vscode\extensions\ltex-plus.vscode-ltex-plus-15.4.0\lib\ltex-ls-plus-18.4.0\lib\flexmark-util-builder-0.64.8.jar;c:\Users\Lenovo LOQ\.vscode\extensions\ltex-plus.vscode-ltex-plus-15.4.0\lib\ltex-ls-plus-18.4.0\lib\flexmark-util-collection-0.64.8.jar;c:\Users\Lenovo LOQ\.vscode\extensions\ltex-plus.vscode-ltex-plus-15.4.0\lib\ltex-ls-plus-18.4.0\lib\flexmark-util-data-0.64.8.jar;c:\Users\Lenovo LOQ\.vscode\extensions\ltex-plus.vscode-ltex-plus-15.4.0\lib\ltex-ls-plus-18.4.0\lib\flexmark-util-dependency-0.64.8.jar;c:\Users\Lenovo LOQ\.vscode\extensions\ltex-plus.vscode-ltex-plus-15.4.0\lib\ltex-ls-plus-18.4.0\lib\flexmark-util-format-0.64.8.jar;c:\Users\Lenovo LOQ\.vscode\extensions\ltex-plus.vscode-ltex-plus-15.4.0\lib\ltex-ls-plus-18.4.0\lib\flexmark-util-html-0.64.8.jar;c:\Users\Lenovo LOQ\.vscode\extensions\ltex-plus.vscode-ltex-plus-15.4.0\lib\ltex-ls-plus-18.4.0\lib\flexmark-util-misc-0.64.8.jar;c:\Users\Lenovo LOQ\.vscode\extensions\ltex-plus.vscode-ltex-plus-15.4.0\lib\ltex-ls-plus-18.4.0\lib\flexmark-util-options-0.64.8.jar;c:\Users\Lenovo LOQ\.vscode\extensions\ltex-plus.vscode-ltex-plus-15.4.0\lib\ltex-ls-plus-18.4.0\lib\flexmark-util-sequence-0.64.8.jar;c:\Users\Lenovo LOQ\.vscode\extensions\ltex-plus.vscode-ltex-plus-15.4.0\lib\ltex-ls-plus-18.4.0\lib\flexmark-util-visitor-0.64.8.jar;c:\Users\Lenovo LOQ\.vscode\extensions\ltex-plus.vscode-ltex-plus-15.4.0\lib\ltex-ls-plus-18.4.0\lib\french-pos-dict-0.6.jar;c:\Users\Lenovo LOQ\.vscode\extensions\ltex-plus.vscode-ltex-plus-15.4.0\lib\ltex-ls-plus-18.4.0\lib\german-pos-dict-1.2.4.jar;c:\Users\Lenovo LOQ\.vscode\extensions\ltex-plus.vscode-ltex-plus-15.4.0\lib\ltex-ls-plus-18.4.0\lib\grpc-api-1.66.0.jar;c:\Users\Lenovo LOQ\.vscode\extensions\ltex-plus.vscode-ltex-plus-15.4.0\lib\ltex-ls-plus-18.4.0\lib\grpc-context-1.66.0.jar;c:\Users\Lenovo LOQ\.vscode\extensions\ltex-plus.vscode-ltex-plus-15.4.0\lib\ltex-ls-plus-18.4.0\lib\grpc-core-1.66.0.jar;c:\Users\Lenovo LOQ\.vscode\extensions\ltex-plus.vscode-ltex-plus-15.4.0\lib\ltex-ls-plus-18.4.0\lib\grpc-netty-shaded-1.66.0.jar;c:\Users\Lenovo LOQ\.vscode\extensions\ltex-plus.vscode-ltex-plus-15.4.0\lib\ltex-ls-plus-18.4.0\lib\grpc-protobuf-1.66.0.jar;c:\Users\Lenovo LOQ\.vscode\extensions\ltex-plus.vscode-ltex-plus-15.4.0\lib\ltex-ls-plus-18.4.0\lib\grpc-protobuf-lite-1.66.0.jar;c:\Users\Lenovo LOQ\.vscode\extensions\ltex-plus.vscode-ltex-plus-15.4.0\lib\ltex-ls-plus-18.4.0\lib\grpc-stub-1.66.0.jar;c:\Users\Lenovo LOQ\.vscode\extensions\ltex-plus.vscode-ltex-plus-15.4.0\lib\ltex-ls-plus-18.4.0\lib\grpc-util-1.66.0.jar;c:\Users\Lenovo LOQ\.vscode\extensions\ltex-plus.vscode-ltex-plus-15.4.0\lib\ltex-ls-plus-18.4.0\lib\gson-2.11.0.jar;c:\Users\Lenovo LOQ\.vscode\extensions\ltex-plus.vscode-ltex-plus-15.4.0\lib\ltex-ls-plus-18.4.0\lib\guava-32.1.1-jre.jar;c:\Users\Lenovo LOQ\.vscode\extensions\ltex-plus.vscode-ltex-plus-15.4.0\lib\ltex-ls-plus-18.4.0\lib\hamcrest-core-1.3.jar;c:\Users\Lenovo LOQ\.vscode\extensions\ltex-plus.vscode-ltex-plus-15.4.0\lib\ltex-ls-plus-18.4.0\lib\hanlp-portable-1.8.2.jar;c:\Users\Lenovo LOQ\.vscode\extensions\ltex-plus.vscode-ltex-plus-15.4.0\lib\ltex-ls-plus-18.4.0\lib\HdrHistogram-2.1.12.jar;c:\Users\Lenovo LOQ\.vscode\extensions\ltex-plus.vscode-ltex-plus-15.4.0\lib\ltex-ls-plus-18.4.0\lib\hppc-0.8.2.jar;c:\Users\Lenovo LOQ\.vscode\extensions\ltex-plus.vscode-ltex-plus-15.4.0\lib\ltex-ls-plus-18.4.0\lib\hunspell-2.1.2.jar;c:\Users\Lenovo LOQ\.vscode\extensions\ltex-plus.vscode-ltex-plus-15.4.0\lib\ltex-ls-plus-18.4.0\lib\icu4j-70.1.jar;c:\Users\Lenovo LOQ\.vscode\extensions\ltex-plus.vscode-ltex-plus-15.4.0\lib\ltex-ls-plus-18.4.0\lib\indriya-1.3.jar;c:\Users\Lenovo LOQ\.vscode\extensions\ltex-plus.vscode-ltex-plus-15.4.0\lib\ltex-ls-plus-18.4.0\lib\istack-commons-runtime-3.0.5.jar;c:\Users\Lenovo LOQ\.vscode\extensions\ltex-plus.vscode-ltex-plus-15.4.0\lib\ltex-ls-plus-18.4.0\lib\j2objc-annotations-2.8.jar;c:\Users\Lenovo LOQ\.vscode\extensions\ltex-plus.vscode-ltex-plus-15.4.0\lib\ltex-ls-plus-18.4.0\lib\jackson-annotations-2.17.2.jar;c:\Users\Lenovo LOQ\.vscode\extensions\ltex-plus.vscode-ltex-plus-15.4.0\lib\ltex-ls-plus-18.4.0\lib\jackson-core-2.17.2.jar;c:\Users\Lenovo LOQ\.vscode\extensions\ltex-plus.vscode-ltex-plus-15.4.0\lib\ltex-ls-plus-18.4.0\lib\jackson-databind-2.17.2.jar;c:\Users\Lenovo LOQ\.vscode\extensions\ltex-plus.vscode-ltex-plus-15.4.0\lib\ltex-ls-plus-18.4.0\lib\jansi-2.4.1.jar;c:\Users\Lenovo LOQ\.vscode\extensions\ltex-plus.vscode-ltex-plus-15.4.0\lib\ltex-ls-plus-18.4.0\lib\java-diff-utils-4.12.jar;c:\Users\Lenovo LOQ\.vscode\extensions\ltex-plus.vscode-ltex-plus-15.4.0\lib\ltex-ls-plus-18.4.0\lib\javax.activation-api-1.2.0.jar;c:\Users\Lenovo LOQ\.vscode\extensions\ltex-plus.vscode-ltex-plus-15.4.0\lib\ltex-ls-plus-18.4.0\lib\javax.annotation-api-1.3.2.jar;c:\Users\Lenovo LOQ\.vscode\extensions\ltex-plus.vscode-ltex-plus-15.4.0\lib\ltex-ls-plus-18.4.0\lib\jaxb-api-2.3.0.jar;c:\Users\Lenovo LOQ\.vscode\extensions\ltex-plus.vscode-ltex-plus-15.4.0\lib\ltex-ls-plus-18.4.0\lib\jaxb-core-2.3.0.jar;c:\Users\Lenovo LOQ\.vscode\extensions\ltex-plus.vscode-ltex-plus-15.4.0\lib\ltex-ls-plus-18.4.0\lib\jaxb-runtime-2.3.0.jar;c:\Users\Lenovo LOQ\.vscode\extensions\ltex-plus.vscode-ltex-plus-15.4.0\lib\ltex-ls-plus-18.4.0\lib\jna-5.12.1.jar;c:\Users\Lenovo LOQ\.vscode\extensions\ltex-plus.vscode-ltex-plus-15.4.0\lib\ltex-ls-plus-18.4.0\lib\jna-platform-5.12.1.jar;c:\Users\Lenovo LOQ\.vscode\extensions\ltex-plus.vscode-ltex-plus-15.4.0\lib\ltex-ls-plus-18.4.0\lib\json-20231013.jar;c:\Users\Lenovo LOQ\.vscode\extensions\ltex-plus.vscode-ltex-plus-15.4.0\lib\ltex-ls-plus-18.4.0\lib\jsonic-1.2.11.jar;c:\Users\Lenovo LOQ\.vscode\extensions\ltex-plus.vscode-ltex-plus-15.4.0\lib\ltex-ls-plus-18.4.0\lib\jsr305-3.0.2.jar;c:\Users\Lenovo LOQ\.vscode\extensions\ltex-plus.vscode-ltex-plus-15.4.0\lib\ltex-ls-plus-18.4.0\lib\junit-4.13.2.jar;c:\Users\Lenovo LOQ\.vscode\extensions\ltex-plus.vscode-ltex-plus-15.4.0\lib\ltex-ls-plus-18.4.0\lib\jwordsplitter-4.7.jar;c:\Users\Lenovo LOQ\.vscode\extensions\ltex-plus.vscode-ltex-plus-15.4.0\lib\ltex-ls-plus-18.4.0\lib\kotlin-stdlib-2.0.21.jar;c:\Users\Lenovo LOQ\.vscode\extensions\ltex-plus.vscode-ltex-plus-15.4.0\lib\ltex-ls-plus-18.4.0\lib\kotlin-stdlib-2.1.0.jar;c:\Users\Lenovo LOQ\.vscode\extensions\ltex-plus.vscode-ltex-plus-15.4.0\lib\ltex-ls-plus-18.4.0\lib\kotlin-stdlib-jdk7-2.0.21.jar;c:\Users\Lenovo LOQ\.vscode\extensions\ltex-plus.vscode-ltex-plus-15.4.0\lib\ltex-ls-plus-18.4.0\lib\kotlin-stdlib-jdk8-2.0.21.jar;c:\Users\Lenovo LOQ\.vscode\extensions\ltex-plus.vscode-ltex-plus-15.4.0\lib\ltex-ls-plus-18.4.0\lib\language-all-6.5.jar;c:\Users\Lenovo LOQ\.vscode\extensions\ltex-plus.vscode-ltex-plus-15.4.0\lib\ltex-ls-plus-18.4.0\lib\language-ar-6.5.jar;c:\Users\Lenovo LOQ\.vscode\extensions\ltex-plus.vscode-ltex-plus-15.4.0\lib\ltex-ls-plus-18.4.0\lib\language-ast-6.5.jar;c:\Users\Lenovo LOQ\.vscode\extensions\ltex-plus.vscode-ltex-plus-15.4.0\lib\ltex-ls-plus-18.4.0\lib\language-be-6.5.jar;c:\Users\Lenovo LOQ\.vscode\extensions\ltex-plus.vscode-ltex-plus-15.4.0\lib\ltex-ls-plus-18.4.0\lib\language-br-6.5.jar;c:\Users\Lenovo LOQ\.vscode\extensions\ltex-plus.vscode-ltex-plus-15.4.0\lib\ltex-ls-plus-18.4.0\lib\language-ca-6.5.jar;c:\Users\Lenovo LOQ\.vscode\extensions\ltex-plus.vscode-ltex-plus-15.4.0\lib\ltex-ls-plus-18.4.0\lib\language-crh-6.5.jar;c:\Users\Lenovo LOQ\.vscode\extensions\ltex-plus.vscode-ltex-plus-15.4.0\lib\ltex-ls-plus-18.4.0\lib\language-da-6.5.jar;c:\Users\Lenovo LOQ\.vscode\extensions\ltex-plus.vscode-ltex-plus-15.4.0\lib\ltex-ls-plus-18.4.0\lib\language-de-6.5.jar;c:\Users\Lenovo LOQ\.vscode\extensions\ltex-plus.vscode-ltex-plus-15.4.0\lib\ltex-ls-plus-18.4.0\lib\language-de-DE-x-simple-language-6.5.jar;c:\Users\Lenovo LOQ\.vscode\extensions\ltex-plus.vscode-ltex-plus-15.4.0\lib\ltex-ls-plus-18.4.0\lib\language-detector-0.6.jar;c:\Users\Lenovo LOQ\.vscode\extensions\ltex-plus.vscode-ltex-plus-15.4.0\lib\ltex-ls-plus-18.4.0\lib\language-el-6.5.jar;c:\Users\Lenovo LOQ\.vscode\extensions\ltex-plus.vscode-ltex-plus-15.4.0\lib\ltex-ls-plus-18.4.0\lib\language-en-6.5.jar;c:\Users\Lenovo LOQ\.vscode\extensions\ltex-plus.vscode-ltex-plus-15.4.0\lib\ltex-ls-plus-18.4.0\lib\language-eo-6.5.jar;c:\Users\Lenovo LOQ\.vscode\extensions\ltex-plus.vscode-ltex-plus-15.4.0\lib\ltex-ls-plus-18.4.0\lib\language-es-6.5.jar;c:\Users\Lenovo LOQ\.vscode\extensions\ltex-plus.vscode-ltex-plus-15.4.0\lib\ltex-ls-plus-18.4.0\lib\language-fa-6.5.jar;c:\Users\Lenovo LOQ\.vscode\extensions\ltex-plus.vscode-ltex-plus-15.4.0\lib\ltex-ls-plus-18.4.0\lib\language-fr-6.5.jar;c:\Users\Lenovo LOQ\.vscode\extensions\ltex-plus.vscode-ltex-plus-15.4.0\lib\ltex-ls-plus-18.4.0\lib\language-ga-6.5.jar;c:\Users\Lenovo LOQ\.vscode\extensions\ltex-plus.vscode-ltex-plus-15.4.0\lib\ltex-ls-plus-18.4.0\lib\language-gl-6.5.jar;c:\Users\Lenovo LOQ\.vscode\extensions\ltex-plus.vscode-ltex-plus-15.4.0\lib\ltex-ls-plus-18.4.0\lib\language-it-6.5.jar;c:\Users\Lenovo LOQ\.vscode\extensions\ltex-plus.vscode-ltex-plus-15.4.0\lib\ltex-ls-plus-18.4.0\lib\language-ja-6.5.jar;c:\Users\Lenovo LOQ\.vscode\extensions\ltex-plus.vscode-ltex-plus-15.4.0\lib\ltex-ls-plus-18.4.0\lib\language-km-6.5.jar;c:\Users\Lenovo LOQ\.vscode\extensions\ltex-plus.vscode-ltex-plus-15.4.0\lib\ltex-ls-plus-18.4.0\lib\language-nl-6.5.jar;c:\Users\Lenovo LOQ\.vscode\extensions\ltex-plus.vscode-ltex-plus-15.4.0\lib\ltex-ls-plus-18.4.0\lib\language-pl-6.5.jar;c:\Users\Lenovo LOQ\.vscode\extensions\ltex-plus.vscode-ltex-plus-15.4.0\lib\ltex-ls-plus-18.4.0\lib\language-pt-6.5.jar;c:\Users\Lenovo LOQ\.vscode\extensions\ltex-plus.vscode-ltex-plus-15.4.0\lib\ltex-ls-plus-18.4.0\lib\language-ro-6.5.jar;c:\Users\Lenovo LOQ\.vscode\extensions\ltex-plus.vscode-ltex-plus-15.4.0\lib\ltex-ls-plus-18.4.0\lib\language-ru-6.5.jar;c:\Users\Lenovo LOQ\.vscode\extensions\ltex-plus.vscode-ltex-plus-15.4.0\lib\ltex-ls-plus-18.4.0\lib\language-sk-6.5.jar;c:\Users\Lenovo LOQ\.vscode\extensions\ltex-plus.vscode-ltex-plus-15.4.0\lib\ltex-ls-plus-18.4.0\lib\language-sl-6.5.jar;c:\Users\Lenovo LOQ\.vscode\extensions\ltex-plus.vscode-ltex-plus-15.4.0\lib\ltex-ls-plus-18.4.0\lib\language-sv-6.5.jar;c:\Users\Lenovo LOQ\.vscode\extensions\ltex-plus.vscode-ltex-plus-15.4.0\lib\ltex-ls-plus-18.4.0\lib\language-ta-6.5.jar;c:\Users\Lenovo LOQ\.vscode\extensions\ltex-plus.vscode-ltex-plus-15.4.0\lib\ltex-ls-plus-18.4.0\lib\language-tl-6.5.jar;c:\Users\Lenovo LOQ\.vscode\extensions\ltex-plus.vscode-ltex-plus-15.4.0\lib\ltex-ls-plus-18.4.0\lib\language-uk-6.5.jar;c:\Users\Lenovo LOQ\.vscode\extensions\ltex-plus.vscode-ltex-plus-15.4.0\lib\ltex-ls-plus-18.4.0\lib\language-zh-6.5.jar;c:\Users\Lenovo LOQ\.vscode\extensions\ltex-plus.vscode-ltex-plus-15.4.0\lib\ltex-ls-plus-18.4.0\lib\languagetool-core-6.5.jar;c:\Users\Lenovo LOQ\.vscode\extensions\ltex-plus.vscode-ltex-plus-15.4.0\lib\ltex-ls-plus-18.4.0\lib\languagetool-ga-dicts-0.02.jar;c:\Users\Lenovo LOQ\.vscode\extensions\ltex-plus.vscode-ltex-plus-15.4.0\lib\ltex-ls-plus-18.4.0\lib\LatencyUtils-2.0.3.jar;c:\Users\Lenovo LOQ\.vscode\extensions\ltex-plus.vscode-ltex-plus-15.4.0\lib\ltex-ls-plus-18.4.0\lib\linguistics.grammardb.spell.languagetool-1.0.2.jar;c:\Users\Lenovo LOQ\.vscode\extensions\ltex-plus.vscode-ltex-plus-15.4.0\lib\ltex-ls-plus-18.4.0\lib\listenablefuture-9999.0-empty-to-avoid-conflict-with-guava.jar;c:\Users\Lenovo LOQ\.vscode\extensions\ltex-plus.vscode-ltex-plus-15.4.0\lib\ltex-ls-plus-18.4.0\lib\lspcli-2.0.0.jar;c:\Users\Lenovo LOQ\.vscode\extensions\ltex-plus.vscode-ltex-plus-15.4.0\lib\ltex-ls-plus-18.4.0\lib\ltexls-plus-18.4.0.jar;c:\Users\Lenovo LOQ\.vscode\extensions\ltex-plus.vscode-ltex-plus-15.4.0\lib\ltex-ls-plus-18.4.0\lib\lucene-backward-codecs-5.5.5.jar;c:\Users\Lenovo LOQ\.vscode\extensions\ltex-plus.vscode-ltex-plus-15.4.0\lib\ltex-ls-plus-18.4.0\lib\lucene-core-5.5.5.jar;c:\Users\Lenovo LOQ\.vscode\extensions\ltex-plus.vscode-ltex-plus-15.4.0\lib\ltex-ls-plus-18.4.0\lib\lucene-gosen-6.2.1-ipadic.jar;c:\Users\Lenovo LOQ\.vscode\extensions\ltex-plus.vscode-ltex-plus-15.4.0\lib\ltex-ls-plus-18.4.0\lib\micrometer-core-1.7.1.jar;c:\Users\Lenovo LOQ\.vscode\extensions\ltex-plus.vscode-ltex-plus-15.4.0\lib\ltex-ls-plus-18.4.0\lib\micrometer-registry-prometheus-1.7.1.jar;c:\Users\Lenovo LOQ\.vscode\extensions\ltex-plus.vscode-ltex-plus-15.4.0\lib\ltex-ls-plus-18.4.0\lib\morfologik-crh-lt-1.0.1.jar;c:\Users\Lenovo LOQ\.vscode\extensions\ltex-plus.vscode-ltex-plus-15.4.0\lib\ltex-ls-plus-18.4.0\lib\morfologik-fsa-2.1.9.jar;c:\Users\Lenovo LOQ\.vscode\extensions\ltex-plus.vscode-ltex-plus-15.4.0\lib\ltex-ls-plus-18.4.0\lib\morfologik-fsa-builders-2.1.9.jar;c:\Users\Lenovo LOQ\.vscode\extensions\ltex-plus.vscode-ltex-plus-15.4.0\lib\ltex-ls-plus-18.4.0\lib\morfologik-speller-2.1.9.jar;c:\Users\Lenovo LOQ\.vscode\extensions\ltex-plus.vscode-ltex-plus-15.4.0\lib\ltex-ls-plus-18.4.0\lib\morfologik-stemming-2.1.9.jar;c:\Users\Lenovo LOQ\.vscode\extensions\ltex-plus.vscode-ltex-plus-15.4.0\lib\ltex-ls-plus-18.4.0\lib\morfologik-ukrainian-lt-6.5.2.jar;c:\Users\Lenovo LOQ\.vscode\extensions\ltex-plus.vscode-ltex-plus-15.4.0\lib\ltex-ls-plus-18.4.0\lib\morphology-el-1.0.0.jar;c:\Users\Lenovo LOQ\.vscode\extensions\ltex-plus.vscode-ltex-plus-15.4.0\lib\ltex-ls-plus-18.4.0\lib\opennlp-chunk-models-1.5.jar;c:\Users\Lenovo LOQ\.vscode\extensions\ltex-plus.vscode-ltex-plus-15.4.0\lib\ltex-ls-plus-18.4.0\lib\opennlp-postag-models-1.5.jar;c:\Users\Lenovo LOQ\.vscode\extensions\ltex-plus.vscode-ltex-plus-15.4.0\lib\ltex-ls-plus-18.4.0\lib\opennlp-tokenize-models-1.5.jar;c:\Users\Lenovo LOQ\.vscode\extensions\ltex-plus.vscode-ltex-plus-15.4.0\lib\ltex-ls-plus-18.4.0\lib\opennlp-tools-1.9.4.jar;c:\Users\Lenovo LOQ\.vscode\extensions\ltex-plus.vscode-ltex-plus-15.4.0\lib\ltex-ls-plus-18.4.0\lib\openregex-1.1.1.jar;c:\Users\Lenovo LOQ\.vscode\extensions\ltex-plus.vscode-ltex-plus-15.4.0\lib\ltex-ls-plus-18.4.0\lib\opentelemetry-api-1.26.0.jar;c:\Users\Lenovo LOQ\.vscode\extensions\ltex-plus.vscode-ltex-plus-15.4.0\lib\ltex-ls-plus-18.4.0\lib\opentelemetry-context-1.26.0.jar;c:\Users\Lenovo LOQ\.vscode\extensions\ltex-plus.vscode-ltex-plus-15.4.0\lib\ltex-ls-plus-18.4.0\lib\opentelemetry-semconv-1.26.0-alpha.jar;c:\Users\Lenovo LOQ\.vscode\extensions\ltex-plus.vscode-ltex-plus-15.4.0\lib\ltex-ls-plus-18.4.0\lib\org.eclipse.lsp4j-0.23.1.jar;c:\Users\Lenovo LOQ\.vscode\extensions\ltex-plus.vscode-ltex-plus-15.4.0\lib\ltex-ls-plus-18.4.0\lib\org.eclipse.lsp4j.jsonrpc-0.23.1.jar;c:\Users\Lenovo LOQ\.vscode\extensions\ltex-plus.vscode-ltex-plus-15.4.0\lib\ltex-ls-plus-18.4.0\lib\perfmark-api-0.27.0.jar;c:\Users\Lenovo LOQ\.vscode\extensions\ltex-plus.vscode-ltex-plus-15.4.0\lib\ltex-ls-plus-18.4.0\lib\picocli-4.7.6.jar;c:\Users\Lenovo LOQ\.vscode\extensions\ltex-plus.vscode-ltex-plus-15.4.0\lib\ltex-ls-plus-18.4.0\lib\portuguese-pos-dict-1.2.0.jar;c:\Users\Lenovo LOQ\.vscode\extensions\ltex-plus.vscode-ltex-plus-15.4.0\lib\ltex-ls-plus-18.4.0\lib\proto-google-common-protos-2.41.0.jar;c:\Users\Lenovo LOQ\.vscode\extensions\ltex-plus.vscode-ltex-plus-15.4.0\lib\ltex-ls-plus-18.4.0\lib\protobuf-java-3.25.5.jar;c:\Users\Lenovo LOQ\.vscode\extensions\ltex-plus.vscode-ltex-plus-15.4.0\lib\ltex-ls-plus-18.4.0\lib\resilience4j-circuitbreaker-1.7.1.jar;c:\Users\Lenovo LOQ\.vscode\extensions\ltex-plus.vscode-ltex-plus-15.4.0\lib\ltex-ls-plus-18.4.0\lib\resilience4j-core-1.7.1.jar;c:\Users\Lenovo LOQ\.vscode\extensions\ltex-plus.vscode-ltex-plus-15.4.0\lib\ltex-ls-plus-18.4.0\lib\resilience4j-micrometer-1.7.1.jar;c:\Users\Lenovo LOQ\.vscode\extensions\ltex-plus.vscode-ltex-plus-15.4.0\lib\ltex-ls-plus-18.4.0\lib\segment-2.0.1.jar;c:\Users\Lenovo LOQ\.vscode\extensions\ltex-plus.vscode-ltex-plus-15.4.0\lib\ltex-ls-plus-18.4.0\lib\simpleclient-0.16.0.jar;c:\Users\Lenovo LOQ\.vscode\extensions\ltex-plus.vscode-ltex-plus-15.4.0\lib\ltex-ls-plus-18.4.0\lib\simpleclient_common-0.10.0.jar;c:\Users\Lenovo LOQ\.vscode\extensions\ltex-plus.vscode-ltex-plus-15.4.0\lib\ltex-ls-plus-18.4.0\lib\simpleclient_guava-0.16.0.jar;c:\Users\Lenovo LOQ\.vscode\extensions\ltex-plus.vscode-ltex-plus-15.4.0\lib\ltex-ls-plus-18.4.0\lib\simpleclient_tracer_common-0.16.0.jar;c:\Users\Lenovo LOQ\.vscode\extensions\ltex-plus.vscode-ltex-plus-15.4.0\lib\ltex-ls-plus-18.4.0\lib\simpleclient_tracer_otel-0.16.0.jar;c:\Users\Lenovo LOQ\.vscode\extensions\ltex-plus.vscode-ltex-plus-15.4.0\lib\ltex-ls-plus-18.4.0\lib\simpleclient_tracer_otel_agent-0.16.0.jar;c:\Users\Lenovo LOQ\.vscode\extensions\ltex-plus.vscode-ltex-plus-15.4.0\lib\ltex-ls-plus-18.4.0\lib\slf4j-api-2.0.7.jar;c:\Users\Lenovo LOQ\.vscode\extensions\ltex-plus.vscode-ltex-plus-15.4.0\lib\ltex-ls-plus-18.4.0\lib\slf4j-nop-2.0.16.jar;c:\Users\Lenovo LOQ\.vscode\extensions\ltex-plus.vscode-ltex-plus-15.4.0\lib\ltex-ls-plus-18.4.0\lib\spanish-pos-dict-2.3.jar;c:\Users\Lenovo LOQ\.vscode\extensions\ltex-plus.vscode-ltex-plus-15.4.0\lib\ltex-ls-plus-18.4.0\lib\stax-ex-1.7.8.jar;c:\Users\Lenovo LOQ\.vscode\extensions\ltex-plus.vscode-ltex-plus-15.4.0\lib\ltex-ls-plus-18.4.0\lib\stax2-api-4.2.2.jar;c:\Users\Lenovo LOQ\.vscode\extensions\ltex-plus.vscode-ltex-plus-15.4.0\lib\ltex-ls-plus-18.4.0\lib\txw2-2.3.0.jar;c:\Users\Lenovo LOQ\.vscode\extensions\ltex-plus.vscode-ltex-plus-15.4.0\lib\ltex-ls-plus-18.4.0\lib\unit-api-1.0.jar;c:\Users\Lenovo LOQ\.vscode\extensions\ltex-plus.vscode-ltex-plus-15.4.0\lib\ltex-ls-plus-18.4.0\lib\uom-lib-common-1.1.jar;c:\Users\Lenovo LOQ\.vscode\extensions\ltex-plus.vscode-ltex-plus-15.4.0\lib\ltex-ls-plus-18.4.0\lib\vavr-0.10.2.jar;c:\Users\Lenovo LOQ\.vscode\extensions\ltex-plus.vscode-ltex-plus-15.4.0\lib\ltex-ls-plus-18.4.0\lib\vavr-match-0.10.2.jar;c:\Users\Lenovo LOQ\.vscode\extensions\ltex-plus.vscode-ltex-plus-15.4.0\lib\ltex-ls-plus-18.4.0\lib\woodstox-core-7.1.0.jar
Launcher Type: SUN_STANDARD

[Global flags]
     intx CICompilerCount                          = 4                                         {product} {ergonomic}
     uint ConcGCThreads                            = 3                                         {product} {ergonomic}
     uint G1ConcRefinementThreads                  = 10                                        {product} {ergonomic}
   size_t G1HeapRegionSize                         = 1048576                                   {product} {ergonomic}
    uintx GCDrainStackTargetSize                   = 64                                        {product} {ergonomic}
   size_t InitialHeapSize                          = 67108864                                  {product} {command line}
   size_t MarkStackSize                            = 4194304                                   {product} {ergonomic}
   size_t MaxHeapSize                              = 2147483648                                {product} {command line}
   size_t MaxNewSize                               = 1287651328                                {product} {ergonomic}
   size_t MinHeapDeltaBytes                        = 1048576                                   {product} {ergonomic}
   size_t MinHeapSize                              = 67108864                                  {product} {command line}
    uintx NonNMethodCodeHeapSize                   = 5839372                                {pd product} {ergonomic}
    uintx NonProfiledCodeHeapSize                  = 122909434                              {pd product} {ergonomic}
    uintx ProfiledCodeHeapSize                     = 122909434                              {pd product} {ergonomic}
    uintx ReservedCodeCacheSize                    = 251658240                              {pd product} {ergonomic}
     bool SegmentedCodeCache                       = true                                      {product} {ergonomic}
   size_t SoftMaxHeapSize                          = 2147483648                             {manageable} {ergonomic}
     bool UseCompressedOops                        = true                           {product lp64_product} {ergonomic}
     bool UseG1GC                                  = true                                      {product} {ergonomic}
     bool UseLargePagesIndividualAllocation        = false                                  {pd product} {ergonomic}

Logging:
Log output configuration:
 #0: stdout all=warning uptime,level,tags foldmultilines=false
 #1: stderr all=off uptime,level,tags foldmultilines=false

Environment Variables:
JAVA_HOME=c:\Users\Lenovo LOQ\.vscode\extensions\ltex-plus.vscode-ltex-plus-15.4.0\lib\ltex-ls-plus-18.4.0\jdk-21.0.4+7
CLASSPATH="c:\Users\Lenovo LOQ\.vscode\extensions\ltex-plus.vscode-ltex-plus-15.4.0\lib\ltex-ls-plus-18.4.0"\etc;"c:\Users\Lenovo LOQ\.vscode\extensions\ltex-plus.vscode-ltex-plus-15.4.0\lib\ltex-ls-plus-18.4.0\lib"\*
PATH=C:\Program Files (x86)\Microsoft\Edge\Application;C:\Program Files (x86)\Microsoft SDKs\Azure\CLI2\wbin;C:\Ruby33-x64\bin;C:\Program Files (x86)\Common Files\Oracle\Java\java8path;C:\Program Files (x86)\Common Files\Oracle\Java\javapath;C:\WINDOWS\system32;C:\WINDOWS;C:\WINDOWS\System32\Wbem;C:\WINDOWS\System32\WindowsPowerShell\v1.0\;C:\WINDOWS\System32\OpenSSH\;C:\Program Files (x86)\NVIDIA Corporation\PhysX\Common;C:\Program Files\NVIDIA Corporation\NVIDIA NvDLISR;C:\Program Files\Microsoft SQL Server\150\Tools\Binn\;C:\Program Files\AzureConnectedMachineAgent\;C:\Program Files\dotnet\;C:\Program Files\nodejs\;C:\Program Files\Microsoft SQL Server\Client SDK\ODBC\170\Tools\Binn\;C:\Program Files (x86)\Windows Kits\10\Windows Performance Toolkit\;C:\Program Files\Git\cmd;C:\ProgramData\chocolatey\bin;C:\Users\Lenovo LOQ\AppData\Local\Programs\Eclipse Adoptium\jdk-21.0.6.7-hotspot\bin;C:\Users\Lenovo LOQ\AppData\Local\Programs\Eclipse Adoptium\jdk-21.0.5.11-hotspot\bin;C:\Users\Lenovo LOQ\AppData\Local\Programs\Quarto\bin;C:\Users\Lenovo LOQ\AppData\Local\Microsoft\WindowsApps;C:\Users\Lenovo LOQ\AppData\Local\Programs\Microsoft VS Code\bin;C:\Users\Lenovo LOQ\AppData\Local\GitHubDesktop\bin;C:\Users\Lenovo LOQ\AppData\Local\Microsoft\WinGet\Packages\Schniz.fnm_Microsoft.Winget.Source_8wekyb3d8bbwe;C:\Users\Lenovo LOQ\AppData\Local\Programs\Azure Dev CLI\;C:\Users\Lenovo LOQ\.dotnet\tools;C:\Users\Lenovo LOQ\AppData\Roaming\npm;C:\Users\Lenovo LOQ\AppData\Local\Pandoc\;C:\Users\Lenovo LOQ\AppData\Local\Programs\Azure Data Studio\bin
USERNAME=Lenovo LOQ
OS=Windows_NT
PROCESSOR_IDENTIFIER=Intel64 Family 6 Model 151 Stepping 2, GenuineIntel
TMP=C:\Users\LENOVO~1\AppData\Local\Temp
TEMP=C:\Users\LENOVO~1\AppData\Local\Temp




Periodic native trim disabled

---------------  S Y S T E M  ---------------

OS:
 Windows 11 , 64 bit Build 26100 (10.0.26100.5670)
OS uptime: 5 days 20:24 hours
Hyper-V role detected

CPU: total 12 (initial active 12) (6 cores per cpu, 2 threads per core) family 6 model 151 stepping 2 microcode 0x3a, cx8, cmov, fxsr, ht, mmx, 3dnowpref, sse, sse2, sse3, ssse3, sse4.1, sse4.2, popcnt, lzcnt, tsc, tscinvbit, avx, avx2, aes, erms, clmul, bmi1, bmi2, adx, sha, fma, vzeroupper, clflush, clflushopt, clwb, hv, serialize, rdtscp, rdpid, fsrm, f16c, cet_ibt, cet_ss
Processor Information for processor 0
  Max Mhz: 2400, Current Mhz: 2400, Mhz Limit: 2400
Processor Information for processor 1
  Max Mhz: 2400, Current Mhz: 2400, Mhz Limit: 2400
Processor Information for processor 2
  Max Mhz: 2400, Current Mhz: 2400, Mhz Limit: 2400
Processor Information for processor 3
  Max Mhz: 2400, Current Mhz: 2400, Mhz Limit: 2400
Processor Information for processor 4
  Max Mhz: 2400, Current Mhz: 2400, Mhz Limit: 2400
Processor Information for processor 5
  Max Mhz: 2400, Current Mhz: 2400, Mhz Limit: 2400
Processor Information for processor 6
  Max Mhz: 2400, Current Mhz: 2400, Mhz Limit: 2400
Processor Information for processor 7
  Max Mhz: 2400, Current Mhz: 2400, Mhz Limit: 2400
Processor Information for processor 8
  Max Mhz: 2400, Current Mhz: 2400, Mhz Limit: 2400
Processor Information for processor 9
  Max Mhz: 2400, Current Mhz: 1466, Mhz Limit: 2400
Processor Information for processor 10
  Max Mhz: 2400, Current Mhz: 2400, Mhz Limit: 2400
Processor Information for processor 11
  Max Mhz: 2400, Current Mhz: 2400, Mhz Limit: 2400

Memory: 4k page, system-wide physical 16091M (919M free)
TotalPageFile size 30939M (AvailPageFile size 29M)
current process WorkingSet (physical memory assigned to process): 406M, peak: 419M
current process commit charge ("private bytes"): 446M, peak: 720M

vm_info: OpenJDK 64-Bit Server VM (21.0.4+7-LTS) for windows-amd64 JRE (21.0.4+7-LTS), built on 2024-07-16T00:00:00Z by "admin" with MS VC++ 17.7 (VS2022)

END.
